# Host: 192.168.0.115  (Version: 5.6.17)
# Date: 2016-07-01 16:16:13
# Generator: MySQL-Front 5.3  (Build 4.214)

/*!40101 SET NAMES gb2312 */;

#
# Structure for table "vol_access"
#

CREATE TABLE `vol_access` (
  `role_id` smallint(6) unsigned NOT NULL,
  `node_id` smallint(6) unsigned NOT NULL,
  `level` tinyint(1) NOT NULL,
  `module` varchar(50) DEFAULT NULL,
  KEY `groupId` (`role_id`),
  KEY `nodeId` (`node_id`)
) ENGINE=MyISAM DEFAULT CHARSET=utf8;

#
# Data for table "vol_access"
#

INSERT INTO `vol_access` VALUES (12,24,3,NULL),(12,16,3,NULL),(12,13,3,NULL),(15,12,3,NULL),(15,15,3,NULL),(14,27,3,NULL),(14,24,3,NULL),(12,7,3,NULL),(12,8,3,NULL),(1,27,3,NULL),(1,13,3,NULL),(14,16,3,NULL),(14,13,3,NULL),(14,8,3,NULL),(14,7,3,NULL),(1,8,3,NULL),(1,7,3,NULL),(1,9,3,NULL),(7,15,3,NULL),(7,9,3,NULL),(7,12,3,NULL),(12,9,3,NULL),(12,12,3,NULL),(12,15,3,NULL),(14,9,3,NULL),(8,9,3,NULL),(8,7,3,NULL),(8,12,3,NULL),(8,15,3,NULL),(14,12,3,NULL),(14,15,3,NULL),(12,27,3,NULL),(13,27,3,NULL),(13,24,3,NULL),(13,16,3,NULL),(13,8,3,NULL),(13,7,3,NULL),(13,13,3,NULL),(11,8,3,NULL),(1,24,3,NULL),(1,16,3,NULL),(11,7,3,NULL),(11,9,3,NULL),(11,12,3,NULL),(11,15,3,NULL),(9,27,3,NULL),(9,24,3,NULL),(9,16,3,NULL),(9,13,3,NULL),(9,8,3,NULL),(9,9,3,NULL),(9,7,3,NULL),(9,12,3,NULL),(9,15,3,NULL),(2,27,3,NULL),(2,8,3,NULL),(2,7,3,NULL),(2,16,3,NULL),(2,24,3,NULL),(2,9,3,NULL),(2,12,3,NULL),(2,15,3,NULL),(13,9,3,NULL),(13,12,3,NULL),(13,15,3,NULL),(11,27,3,NULL),(11,24,3,NULL),(11,16,3,NULL),(11,13,3,NULL),(4,12,3,NULL),(4,24,3,NULL),(4,16,3,NULL),(4,13,3,NULL),(4,8,3,NULL),(4,7,3,NULL),(4,9,3,NULL),(2,13,3,NULL),(3,15,3,NULL),(3,16,3,NULL),(3,13,3,NULL),(3,8,3,NULL),(3,7,3,NULL),(3,9,3,NULL),(3,12,3,NULL),(15,9,3,NULL),(15,7,3,NULL),(15,8,3,NULL),(15,13,3,NULL),(15,16,3,NULL),(15,24,3,NULL),(15,27,3,NULL);

#
# Structure for table "vol_area"
#

CREATE TABLE `vol_area` (
  `area_id` int(11) NOT NULL AUTO_INCREMENT COMMENT '地域ID',
  `area_name` varchar(255) DEFAULT NULL COMMENT '地域名称',
  `parent_area_id` int(11) DEFAULT NULL COMMENT '上一级地域ID',
  `add_time` datetime DEFAULT NULL COMMENT '添加时间',
  `first_letter` varchar(2) DEFAULT NULL COMMENT '地域简称',
  `pinyin` varchar(20) DEFAULT NULL COMMENT '拼音',
  `area_number` varchar(10) DEFAULT NULL COMMENT '区号',
  `zipCode` varchar(10) DEFAULT NULL COMMENT '邮编',
  `hot_city` int(11) DEFAULT NULL COMMENT '是否热点城市 0:否 1:是',
  `longitude` double DEFAULT NULL COMMENT '经度',
  `latitude` double DEFAULT NULL COMMENT '纬度',
  `number` int(11) DEFAULT NULL COMMENT '数量',
  `area_sort` int(11) DEFAULT NULL COMMENT '排序',
  PRIMARY KEY (`area_id`)
) ENGINE=InnoDB AUTO_INCREMENT=588 DEFAULT CHARSET=utf8 COMMENT='地区表';

#
# Data for table "vol_area"
#

INSERT INTO `vol_area` VALUES (1,'北京',0,'2016-03-28 15:48:24','B','beijing',NULL,NULL,1,116.395645,39.9299858,0,0),(2,'天津',0,'2016-03-28 15:48:24','T','tianjin',NULL,NULL,1,117.2108131,39.1439299,0,0),(3,'上海',0,'2016-03-28 15:48:24','S','shanghai',NULL,NULL,1,121.4878995,31.2491617,0,0),(4,'重庆',0,'2016-03-28 15:48:24','C','chongqing',NULL,NULL,1,106.530635,29.5446061,0,0),(5,'河北',0,'2016-03-28 15:48:24','H','hebei',NULL,NULL,0,117.2202968,39.1731489,0,0),(6,'河南',0,'2016-03-28 15:48:24','H','henan',NULL,NULL,0,101.5563073,34.5113897,0,0),(7,'云南',0,'2016-03-28 15:48:24','Y','yunnan',NULL,NULL,0,101.5929516,24.8642128,0,0),(8,'辽宁',0,'2016-03-28 15:48:24','L','liaoning',NULL,NULL,0,122.7535916,41.6216001,0,0),(9,'黑龙江',0,'2016-03-28 15:48:24','H','heilongjiang',NULL,NULL,0,128.0474137,47.3565916,0,0),(10,'湖南',0,'2016-03-28 15:48:24','H','hunan',NULL,NULL,0,111.7206635,27.6958641,0,0),(11,'安徽',0,'2016-03-28 15:48:24','A','anhui',NULL,NULL,0,117.2160052,31.8592524,0,0),(12,'山东',0,'2016-03-28 15:48:24','S','shandong',NULL,NULL,0,118.5276634,36.0992899,0,0),(13,'江苏',0,'2016-03-28 15:48:24','J','jiangsu',NULL,NULL,0,119.3684889,33.0137972,0,0),(14,'浙江',0,'2016-03-28 15:48:24','Z','zhejiang',NULL,NULL,0,119.9572024,29.1594941,0,0),(15,'江西',0,'2016-03-28 15:48:24','J','jiangxi',NULL,NULL,0,115.6760824,27.7572584,0,0),(16,'湖北',0,'2016-03-28 15:48:24','H','hubei',NULL,NULL,0,112.4105622,31.2093163,0,0),(17,'广西',0,'2016-03-28 15:48:24','G','guangxi',NULL,NULL,0,108.9242744,23.5522547,0,0),(18,'甘肃',0,'2016-03-28 15:48:24','G','gansu',NULL,NULL,0,102.4576246,38.1032673,0,0),(19,'山西',0,'2016-03-28 15:48:24','S','shanxi',NULL,NULL,0,112.5154959,37.866566,0,0),(20,'内蒙古',0,'2016-03-28 15:48:24','N','neimenggu',NULL,NULL,0,114.4158675,43.4682382,0,0),(21,'陕西',0,'2016-03-28 15:48:24','S','shanxi',NULL,NULL,0,109.5037893,35.8600263,0,0),(22,'吉林',0,'2016-03-28 15:48:24','J','jilin',NULL,NULL,0,126.564544,43.8719883,0,0),(23,'福建',0,'2016-03-28 15:48:24','F','fujian',NULL,NULL,0,117.9849431,26.0501183,0,0),(24,'贵州',0,'2016-03-28 15:48:24','G','guizhou',NULL,NULL,0,106.7349961,26.9028259,0,0),(25,'四川',0,'2016-03-28 15:48:24','S','sichuan',NULL,NULL,0,102.8991597,30.3674809,0,0),(26,'广东',0,'2016-03-28 15:48:24','G','guangdong',NULL,NULL,0,113.3948176,23.4080037,0,0),(27,'青海',0,'2016-03-28 15:48:24','Q','qinghai',NULL,NULL,0,96.2025437,35.499761,0,0),(28,'新疆',0,'2016-03-28 15:48:24','X','xinjiang',NULL,NULL,0,103.8499309,36.0645697,0,0),(29,'西藏',0,'2016-03-28 15:48:24','X','xizang',NULL,NULL,0,89.1379817,31.3673154,0,0),(30,'宁夏',0,'2016-03-28 15:48:24','N','ningxia',NULL,NULL,0,106.1554813,37.3213231,0,0),(31,'海南',0,'2016-03-28 15:48:24','H','hainan',NULL,NULL,0,106.9253972,39.2962095,0,0),(32,'东城区',1,'2016-03-28 15:48:24','D','dongchengqu',NULL,NULL,0,116.4218847,39.938574,0,0),(33,'西城区',1,'2016-03-28 15:48:24','X','xichengqu',NULL,NULL,0,116.3731901,39.9342801,1,0),(34,'崇文区',1,'2016-03-28 15:48:24','C','chongwenqu',NULL,NULL,0,116.4246363,39.8892918,0,0),(35,'宣武区',1,'2016-03-28 15:48:24','X','xuanwuqu',NULL,NULL,0,116.369352,39.8915309,0,0),(36,'朝阳区',1,'2016-03-28 15:48:24','C','chaoyangqu',NULL,NULL,0,116.5216949,39.9589532,1,0),(37,'海淀区',1,'2016-03-28 15:48:24','H','haidianqu',NULL,NULL,0,116.2396778,40.033162,0,0),(38,'丰台区',1,'2016-03-28 15:48:24','F','fengtaiqu',NULL,NULL,0,116.2583703,39.8419379,0,0),(39,'门头沟区',1,'2016-03-28 15:48:24','M','mentougouqu',NULL,NULL,0,115.7957954,40.000893,0,0),(40,'房山县',1,'2016-03-28 15:48:24','F','fangshanxian',NULL,NULL,0,115.8628363,39.7267526,0,0),(41,'大兴县',1,'2016-03-28 15:48:24','D','daxingxian',NULL,NULL,0,116.4251946,39.6527901,0,0),(42,'顷义县',1,'2016-03-28 15:48:24','Q','qingyixian',NULL,NULL,0,116.395645,39.9299858,0,0),(43,'平谷县',1,'2016-03-28 15:48:24','P','pingguxian',NULL,NULL,0,117.1504334,40.2159255,0,0),(44,'密云县',1,'2016-03-28 15:48:24','M','miyunxian',NULL,NULL,0,117.0012005,40.5328434,0,0),(45,'怀柔县',1,'2016-03-28 15:48:24','H','huairouxian',NULL,NULL,0,116.5934084,40.6381393,0,0),(46,'昌平县',1,'2016-03-28 15:48:24','C','changpingxian',NULL,NULL,0,116.2164564,40.2217235,0,0),(47,'延庆县',1,'2016-03-28 15:48:24','Y','yanqingxian',NULL,NULL,0,116.1697353,40.5451565,0,0),(48,'通县',1,'2016-03-28 15:48:24','T','tongxian',NULL,NULL,0,116.395645,39.9299858,0,0),(49,'和平区',2,'2016-03-28 15:48:24','H','hepingqu',NULL,NULL,0,117.2028137,39.1248088,0,0),(50,'河北区',2,'2016-03-28 15:48:24','H','hebeiqu',NULL,NULL,0,117.2202968,39.1731489,0,0),(51,'河东区',2,'2016-03-28 15:48:24','H','hedongqu',NULL,NULL,0,117.2616932,39.1266257,0,0),(52,'河西区',2,'2016-03-28 15:48:24','H','hexiqu',NULL,NULL,0,117.2361655,39.0844937,0,0),(53,'南开区',2,'2016-03-28 15:48:24','N','nankaiqu',NULL,NULL,0,117.1627279,39.1169873,0,0),(54,'红桥区',2,'2016-03-28 15:48:24','H','hongqiaoqu',NULL,NULL,0,117.1622168,39.1706213,0,0),(55,'东丽区',2,'2016-03-28 15:48:24','D','dongliqu',NULL,NULL,0,117.4147823,39.1396046,0,0),(56,'西青区',2,'2016-03-28 15:48:24','X','xiqingqu',NULL,NULL,0,117.1262013,39.0350646,0,0),(57,'津南区',2,'2016-03-28 15:48:24','J','jinnanqu',NULL,NULL,0,117.39291,38.9697905,0,0),(58,'北辰区',2,'2016-03-28 15:48:24','B','beichenqu',NULL,NULL,0,117.1806061,39.2591306,0,0),(59,'塘沽区',2,'2016-03-28 15:48:24','T','tangguqu',NULL,NULL,0,117.6490814,39.0079361,0,0),(60,'汉沽区',2,'2016-03-28 15:48:24','H','hanguqu',NULL,NULL,0,117.8735301,39.2477732,0,0),(61,'大港区',2,'2016-03-28 15:48:24','D','dagangqu',NULL,NULL,0,117.3807944,38.7295729,0,0),(62,'蓟县',2,'2016-03-28 15:48:24','J','jixian',NULL,NULL,0,117.4411592,40.0096137,0,0),(63,'宝坻县',2,'2016-03-28 15:48:24','B','baodixian',NULL,NULL,0,117.2108131,39.1439299,0,0),(64,'武清县',2,'2016-03-28 15:48:24','W','wuqingxian',NULL,NULL,0,117.0345779,39.4570426,0,0),(65,'静海县',2,'2016-03-28 15:48:24','J','jinghaixian',NULL,NULL,0,116.9727723,38.8612621,0,0),(66,'宁河县',2,'2016-03-28 15:48:24','N','ninghexian',NULL,NULL,0,117.689424,39.381561,0,0),(67,'黄浦区',3,'2016-03-28 15:48:24','H','huangpuqu',NULL,NULL,0,121.4960721,31.2272034,0,0),(68,'卢湾区',3,'2016-03-28 15:48:24','L','luwanqu',NULL,NULL,0,121.481238,31.2133484,0,0),(69,'金山区',3,'2016-03-28 15:48:24','J','jinshanqu',NULL,NULL,0,121.2484082,30.8350808,0,0),(70,'徐汇区',3,'2016-03-28 15:48:24','H','xuhuiqu',NULL,NULL,0,121.446235,31.1691521,0,0),(71,'长宁区',3,'2016-03-28 15:48:24','C','changningqu',NULL,NULL,0,121.3876161,31.2133015,0,0),(72,'静安区',3,'2016-03-28 15:48:24','J','jinganqu',NULL,NULL,0,121.4547556,31.2353808,0,0),(73,'普陀区',3,'2016-03-28 15:48:24','P','putuoqu',NULL,NULL,0,121.3984429,31.2637429,0,0),(74,'闸北区',3,'2016-03-28 15:48:24','Z','zhabeiqu',NULL,NULL,0,121.4577688,31.2880445,0,0),(75,'虹口区',3,'2016-03-28 15:48:24','H','hongkouqu',NULL,NULL,0,121.4919185,31.2824972,0,0),(76,'杨浦区',3,'2016-03-28 15:48:24','Y','yangpuqu',NULL,NULL,0,121.5357166,31.3045105,0,0),(77,'闵行区',3,'2016-03-28 15:48:24','M','minhangqu',NULL,NULL,0,121.4250243,31.0935375,0,0),(78,'宝山区',3,'2016-03-28 15:48:24','B','baoshanqu',NULL,NULL,0,121.4090412,31.3986227,0,0),(79,'嘉定区',3,'2016-03-28 15:48:24','J','jiadingqu',NULL,NULL,0,121.2510135,31.3643381,0,0),(80,'浦东新区',3,'2016-03-28 15:48:24','P','pudongxinqu',NULL,NULL,0,121.6384813,31.2308953,0,0),(81,'松江区',3,'2016-03-28 15:48:24','S','songjiangqu',NULL,NULL,0,121.2267905,31.0212446,0,0),(82,'青浦区',3,'2016-03-28 15:48:24','Q','qingpuqu',NULL,NULL,0,121.0914252,31.1308624,0,0),(83,'南汇区',3,'2016-03-28 15:48:24','N','nanhuiqu',NULL,NULL,0,121.7699558,31.0526023,0,0),(84,'奉贤区',3,'2016-03-28 15:48:24','F','fengxianqu',NULL,NULL,0,121.5606417,30.9151225,0,0),(85,'崇明区',3,'2016-03-28 15:48:24','C','chongmingqu',NULL,NULL,0,121.5353975,31.6335649,0,0),(86,'渝中区',4,'2016-03-28 15:48:24','Y','yuzhongqu',NULL,NULL,0,106.5469668,29.5552362,0,0),(87,'大渡口区',4,'2016-03-28 15:48:24','D','dadukouqu',NULL,NULL,0,106.4653218,29.4241398,0,0),(88,'江北区',4,'2016-03-28 15:48:24','J','jiangbeiqu',NULL,NULL,0,106.7136147,29.6193177,0,0),(89,'沙坪坝区',4,'2016-03-28 15:48:24','C','shapingbaqu',NULL,NULL,0,106.3748049,29.6305481,0,0),(90,'九龙坡区',4,'2016-03-28 15:48:24','Q','jiulongpoqu',NULL,NULL,0,106.3705949,29.4345662,0,0),(91,'南岸区',4,'2016-03-28 15:48:24','N','nananqu',NULL,NULL,0,106.6671785,29.5415146,1,0),(92,'北碚区',4,'2016-03-28 15:48:24','B','beibeiqu',NULL,NULL,0,106.5203425,29.8665961,0,0),(93,'万盛区',4,'2016-03-28 15:48:24','W','wanshengqu',NULL,NULL,0,106.9237205,28.9164886,0,0),(94,'双桥区',4,'2016-03-28 15:48:24','S','shuangqiaoqu',NULL,NULL,0,105.7934249,29.5028336,0,0),(95,'渝北区',4,'2016-03-28 15:48:24','Y','yubeiqu',NULL,NULL,0,106.7537985,29.8162641,0,0),(96,'巴南区',4,'2016-03-28 15:48:24','B','bananqu',NULL,NULL,0,106.7582742,29.378028,0,0),(97,'万州区',4,'2016-03-28 15:48:24','W','wanzhouqu',NULL,NULL,0,108.4134386,30.7100542,0,0),(98,'涪陵区',4,'2016-03-28 15:48:24','P','fulingqu',NULL,NULL,0,107.3407997,29.6646705,0,0),(99,'黔江区',4,'2016-03-28 15:48:24','Q','qianjiangqu',NULL,NULL,0,108.714808,29.440981,0,0),(100,'长寿区',4,'2016-03-28 15:48:24','C','changshouqu',NULL,NULL,0,107.1466154,29.9604914,0,0),(101,'江津区',4,'2016-03-28 15:48:24','J','jiangjinqu',NULL,NULL,0,106.2692819,29.0353512,0,0),(102,'永川区',4,'2016-03-28 15:48:24','Y','yongchuanqu',NULL,NULL,0,105.8803576,29.2964876,0,0),(103,'合川区',4,'2016-03-28 15:48:24','H','hechuanqu',NULL,NULL,0,106.3180288,30.1187083,0,0),(104,'南川区',4,'2016-03-28 15:48:24','N','nanchuanqu',NULL,NULL,0,107.1778883,29.1416858,0,0),(105,'綦江县',4,'2016-03-28 15:48:24','Z','qijiangxian',NULL,NULL,0,106.6792374,28.8761398,0,0),(106,'潼南县',4,'2016-03-28 15:48:24','T','tongnanxian',NULL,NULL,0,105.8196788,30.149933,0,0),(107,'荣昌县',4,'2016-03-28 15:48:24','R','rongchangxian',NULL,NULL,0,105.5126565,29.4711959,0,0),(108,'璧山县',4,'2016-03-28 15:48:24','B','bishanxian',NULL,NULL,0,106.1987266,29.5675015,0,0),(109,'大足县',4,'2016-03-28 15:48:24','D','dazuxian',NULL,NULL,0,105.7476264,29.6607085,0,0),(110,'铜梁县',4,'2016-03-28 15:48:24','T','tongliangxian',NULL,NULL,0,106.0392429,29.8183228,0,0),(111,'梁平县',4,'2016-03-28 15:48:24','L','liangpingxian',NULL,NULL,0,107.7254282,30.6643634,0,0),(112,'城口县',4,'2016-03-28 15:48:24','C','chengkouxian',NULL,NULL,0,108.7418552,31.8881314,0,0),(113,'垫江县',4,'2016-03-28 15:48:24','D','dianjiangxian',NULL,NULL,0,107.4444445,30.2594984,0,0),(114,'武隆县',4,'2016-03-28 15:48:24','W','wulongxian',NULL,NULL,0,107.7161057,29.379271,0,0),(115,'丰都县',4,'2016-03-28 15:48:24','F','fengduxian',NULL,NULL,0,107.8375174,29.8905957,0,0),(116,'奉节县',4,'2016-03-28 15:48:24','F','fengjiexian',NULL,NULL,0,109.3556667,30.9585528,0,0),(117,'开县',4,'2016-03-28 15:48:24','K','kaixian',NULL,NULL,0,108.3892605,31.2771007,0,0),(118,'云阳县',4,'2016-03-28 15:48:24','Y','yunyangxian',NULL,NULL,0,108.8631858,31.0424093,0,0),(119,'忠县',4,'2016-03-28 15:48:24','Z','zhongxian',NULL,NULL,0,107.9217381,30.3420033,0,0),(120,'巫溪县',4,'2016-03-28 15:48:24','W','wuxixian',NULL,NULL,0,109.3605315,31.5091614,0,0),(121,'巫山县',4,'2016-03-28 15:48:24','W','wushanxian',NULL,NULL,0,109.9086112,31.1211517,0,0),(122,'石柱土家族自治县',4,'2016-03-28 15:48:24','S','shizhutujiazuzizhixi',NULL,NULL,0,108.3048904,30.0996369,0,0),(123,'秀山土家族苗族自治县',4,'2016-03-28 15:48:24','Q','xiushantujiazumiaozu',NULL,NULL,0,109.0253213,28.4983154,0,0),(124,'酉阳土家族苗族自治县',4,'2016-03-28 15:48:24','X','youyangtujiazumiaozu',NULL,NULL,0,108.8068082,28.9052777,0,0),(125,'彭水苗族土家族自治县',4,'2016-03-28 15:48:24','P','pengshuimiaozutujiaz',NULL,NULL,0,108.2728677,29.3596283,0,0),(126,'邯郸',5,'2016-03-28 15:48:24','H','handan',NULL,NULL,0,114.4826939,36.6093079,0,255),(127,'河间',5,'2016-03-28 15:48:24','H','hejian',NULL,NULL,0,116.2715928,38.4837214,0,255),(128,'沧州',5,'2016-03-28 15:48:24','C','cangzhou',NULL,NULL,0,116.8638065,38.2976154,0,255),(129,'秦皇岛',5,'2016-03-28 15:48:24','Q','qinhuangdao',NULL,NULL,0,119.6043676,39.9454616,0,255),(130,'保定',5,'2016-03-28 15:48:24','B','baoding',NULL,NULL,0,115.4948102,38.8865645,0,255),(131,'邢台',5,'2016-03-28 15:48:24','X','xingtai',NULL,NULL,0,114.5204868,37.0695312,0,255),(132,'张家口',5,'2016-03-28 15:48:24','Z','zhangjiakou',NULL,NULL,0,114.8937815,40.8111885,0,255),(133,'任丘',5,'2016-03-28 15:48:24','R','renqiu',NULL,NULL,0,116.1632141,38.7411046,0,255),(134,'泊头',5,'2016-03-28 15:48:24','B','botou',NULL,NULL,0,116.389236,38.0902787,0,255),(135,'石家庄',5,'2016-03-28 15:48:24','S','shijiazhuang',NULL,NULL,0,114.5220818,38.0489583,0,255),(136,'承德',5,'2016-03-28 15:48:24','C','chengde',NULL,NULL,0,117.9338225,40.9925211,1,255),(137,'唐山',5,'2016-03-28 15:48:24','T','tangshan',NULL,NULL,0,118.1834506,39.6505309,0,255),(138,'廊坊',5,'2016-03-28 15:48:24','L','langfang',NULL,NULL,0,117.2202968,39.1731489,0,255),(139,'衡水',5,'2016-03-28 15:48:24','H','hengshui',NULL,NULL,0,115.6862287,37.746929,0,255),(140,'三门峡',6,'2016-03-28 15:48:24','S','sanmenxia',NULL,NULL,0,111.1812621,34.7833199,0,255),(141,'商丘',6,'2016-03-28 15:48:24','S','shangqiu',NULL,NULL,0,115.6418857,34.4385886,0,255),(142,'信阳',6,'2016-03-28 15:48:24','X','xinyang',NULL,NULL,0,114.085491,32.1285823,0,255),(143,'周口',6,'2016-03-28 15:48:24','Z','zhoukou',NULL,NULL,0,114.6541019,33.6237408,0,255),(144,'洛阳',6,'2016-03-28 15:48:24','L','luoyang',NULL,NULL,0,112.4475248,34.6573678,0,255),(145,'郑州',6,'2016-03-28 15:48:24','Z','zhengzhou',NULL,NULL,0,113.6496438,34.7566101,0,255),(146,'漯河',6,'2016-03-28 15:48:24','H','luohe',NULL,NULL,0,114.0460614,33.5762787,0,255),(147,'济源',6,'2016-03-28 15:48:24','J','jiyuan',NULL,NULL,0,112.405268,35.1053646,0,255),(148,'洛宁',6,'2016-03-28 15:48:24','L','luoning',NULL,NULL,0,111.5067913,34.3452084,0,255),(149,'焦作',6,'2016-03-28 15:48:24','J','jiaozuo',NULL,NULL,0,113.2118359,35.2346076,0,255),(150,'登封',6,'2016-03-28 15:48:24','D','dengfeng',NULL,NULL,0,113.0417493,34.4183622,0,255),(151,'濮阳',6,'2016-03-28 15:48:24','Y','puyang',NULL,NULL,0,115.0266274,35.7532979,0,255),(152,'驻马店',6,'2016-03-28 15:48:24','Z','zhumadian',NULL,NULL,0,114.0491535,32.9831582,0,255),(153,'新乡',6,'2016-03-28 15:48:24','X','xinxiang',NULL,NULL,0,101.5563073,34.5113897,0,255),(154,'许昌',6,'2016-03-28 15:48:24','X','xuchang',NULL,NULL,0,113.8353125,34.0267396,0,255),(155,'南阳',6,'2016-03-28 15:48:24','N','nanyang',NULL,NULL,0,112.5428419,33.0114196,0,255),(156,'平顶山',6,'2016-03-28 15:48:24','P','pingdingshan',NULL,NULL,0,113.300849,33.7453015,0,255),(157,'安阳',6,'2016-03-28 15:48:24','A','anyang',NULL,NULL,0,114.3518065,36.1102667,0,255),(158,'中牟',6,'2016-03-28 15:48:24','Z','zhongmu',NULL,NULL,0,114.0112224,34.720319,0,255),(159,'鹤壁',6,'2016-03-28 15:48:24','H','hebi',NULL,NULL,0,114.2977698,35.7554259,0,255),(160,'荥阳',6,'2016-03-28 15:48:24','Y','xingyang',NULL,NULL,0,113.3518018,34.8061799,0,255),(161,'开封',6,'2016-03-28 15:48:24','K','kaifeng',NULL,NULL,0,114.3516421,34.8018542,0,255),(162,'临沧',7,'2016-03-28 15:48:24','L','lincang',NULL,NULL,0,100.0926129,23.8878061,0,255),(163,'文山',7,'2016-03-28 15:48:24','W','wenshan',NULL,NULL,0,104.2462943,23.3740869,0,255),(164,'楚雄',7,'2016-03-28 15:48:24','C','chuxiong',NULL,NULL,0,101.328638,24.8802525,0,255),(165,'宜良',7,'2016-03-28 15:48:24','Y','yiliang',NULL,NULL,0,103.1928155,24.9449079,0,255),(166,'昆明',7,'2016-03-28 15:48:24','K','kunming',NULL,NULL,0,102.7146011,25.0491531,0,255),(167,'大理',7,'2016-03-28 15:48:24','D','dali',NULL,NULL,0,100.219209,25.6939666,0,255),(168,'思茅',7,'2016-03-28 15:48:24','S','simao',NULL,NULL,0,100.8552531,22.7391331,0,255),(169,'曲靖',7,'2016-03-28 15:48:24','Q','qujing',NULL,NULL,0,103.7825389,25.5207581,0,255),(170,'昭通',7,'2016-03-28 15:48:24','Z','zhaotong',NULL,NULL,0,103.7250207,27.340633,0,255),(171,'丽江',7,'2016-03-28 15:48:24','L','lijiang',NULL,NULL,0,101.5929516,24.8642128,0,255),(172,'个旧',7,'2016-03-28 15:48:24','G','gejiu',NULL,NULL,0,101.5929516,24.8642128,0,255),(173,'迪庆(香格里拉)',7,'2016-03-28 15:48:24','D','diqing(xianggelila)',NULL,NULL,0,99.8315993,27.9073578,0,255),(174,'沅江',7,'2016-03-28 15:48:24','J','yuanjiang',NULL,NULL,0,101.5929516,24.8642128,0,255),(175,'西双版纳',7,'2016-03-28 15:48:24','X','xishuangbanna',NULL,NULL,0,100.8030383,22.009433,0,255),(176,'德宏(潞西)',7,'2016-03-28 15:48:24','D','dehong(luxi)',NULL,NULL,0,98.4269387,24.3294969,0,255),(177,'玉溪',7,'2016-03-28 15:48:24','Y','yuxi',NULL,NULL,0,102.5450679,24.3704471,0,255),(178,'保山',7,'2016-03-28 15:48:24','B','baoshan',NULL,NULL,0,99.1779956,25.1204892,0,255),(179,'本溪',8,'2016-03-28 15:48:24','B','benxi',NULL,NULL,0,123.7780624,41.3258376,0,255),(180,'葫芦岛',8,'2016-03-28 15:48:24','H','huludao',NULL,NULL,0,120.8607576,40.7430299,0,255),(181,'铁岭',8,'2016-03-28 15:48:24','T','tieling',NULL,NULL,0,123.8548496,42.299757,0,255),(182,'锦州',8,'2016-03-28 15:48:24','J','jinzhou',NULL,NULL,0,121.1477487,41.1308789,0,255),(183,'鞍山',8,'2016-03-28 15:48:24','A','anshan',NULL,NULL,0,123.0077633,41.1187437,0,255),(184,'抚顺',8,'2016-03-28 15:48:24','F','fushun',NULL,NULL,0,123.9298198,41.8773038,0,255),(185,'瓦房店',8,'2016-03-28 15:48:24','W','wafangdian',NULL,NULL,0,121.7906988,39.7089564,0,255),(186,'大连',8,'2016-03-28 15:48:24','D','dalian',NULL,NULL,0,121.5934778,38.9487099,0,255),(187,'阜新',8,'2016-03-28 15:48:24','F','fuxin',NULL,NULL,0,121.6608221,42.0192501,0,255),(188,'盘锦',8,'2016-03-28 15:48:24','P','panjin',NULL,NULL,0,122.0732278,41.141248,0,255),(189,'丹东',8,'2016-03-28 15:48:24','D','dandong',NULL,NULL,0,124.3385431,40.1290228,0,255),(190,'营口',8,'2016-03-28 15:48:24','Y','yingkou',NULL,NULL,0,122.2333914,40.6686511,0,255),(191,'辽阳',8,'2016-03-28 15:48:24','L','liaoyang',NULL,NULL,0,123.1724512,41.2733393,0,255),(192,'朝阳',8,'2016-03-28 15:48:24','C','chaoyang',NULL,NULL,0,120.4461627,41.5718277,0,255),(193,'兴城',8,'2016-03-28 15:48:24','X','xingcheng',NULL,NULL,0,122.7535916,41.6216001,0,255),(194,'沈阳',8,'2016-03-28 15:48:24','S','shenyang',NULL,NULL,0,123.4327909,41.8086448,0,255),(195,'鹤岗',9,'2016-03-28 15:48:24','H','hegang',NULL,NULL,0,130.2924721,47.3386659,0,255),(196,'鸡西',9,'2016-03-28 15:48:24','J','jixi',NULL,NULL,0,130.9417673,45.3215399,0,255),(197,'牡丹江',9,'2016-03-28 15:48:24','M','mudanjiang',NULL,NULL,0,129.6080354,44.5885212,0,255),(198,'双鸭山',9,'2016-03-28 15:48:24','S','shuangyashan',NULL,NULL,0,131.1714017,46.6551021,0,255),(199,'伊春',9,'2016-03-28 15:48:24','Y','yichun',NULL,NULL,0,128.0474137,47.3565916,0,255),(200,'虎林',9,'2016-03-28 15:48:24','H','hulin',NULL,NULL,0,128.0474137,47.3565916,0,255),(201,'密山',9,'2016-03-28 15:48:24','M','mishan',NULL,NULL,0,132.1765624,45.4697654,0,255),(202,'哈尔滨',9,'2016-03-28 15:48:24','H','haerbin',NULL,NULL,0,126.6577169,45.7732246,0,255),(203,'漠河',9,'2016-03-28 15:48:24','M','mohe',NULL,NULL,0,122.7157208,52.9456586,0,255),(204,'大兴安岭',9,'2016-03-28 15:48:24','D','daxinganling',NULL,NULL,0,124.1961042,51.991789,0,255),(205,'黑河',9,'2016-03-28 15:48:24','H','heihe',NULL,NULL,0,127.5008303,50.2506901,0,255),(206,'佳木斯',9,'2016-03-28 15:48:24','J','jiamusi',NULL,NULL,0,130.2847346,46.8137796,0,255),(207,'七台河',9,'2016-03-28 15:48:24','Q','qitaihe',NULL,NULL,0,131.019048,45.7750054,0,255),(208,'齐齐哈尔',9,'2016-03-28 15:48:24','Q','qiqihaer',NULL,NULL,0,128.0474137,47.3565916,0,255),(209,'绥化',9,'2016-03-28 15:48:24','S','suihua',NULL,NULL,0,128.0474137,47.3565916,0,255),(210,'五常',9,'2016-03-28 15:48:24','W','wuchang',NULL,NULL,0,127.4911126,44.7725436,0,255),(211,'宁安',9,'2016-03-28 15:48:24','N','ningan',NULL,NULL,0,129.2153171,44.0580173,0,255),(212,'大庆',9,'2016-03-28 15:48:24','D','daqing',NULL,NULL,0,128.0474137,47.3565916,0,255),(213,'益阳',10,'2016-03-28 15:48:24','Y','yiyang',NULL,NULL,0,112.3665466,28.5880878,0,255),(214,'邵阳',10,'2016-03-28 15:48:24','S','shaoyang',NULL,NULL,0,111.4615254,27.2368112,0,255),(215,'长沙',10,'2016-03-28 15:48:24','C','changsha',NULL,NULL,0,112.9793528,28.2134782,0,255),(216,'吉首',10,'2016-03-28 15:48:24','J','jishou',NULL,NULL,0,109.7709258,28.3171426,0,255),(217,'株洲',10,'2016-03-28 15:48:24','Z','zhuzhou',NULL,NULL,0,113.1316953,27.8274329,0,255),(218,'衡阳',10,'2016-03-28 15:48:24','H','hengyang',NULL,NULL,0,112.5838188,26.8981644,0,255),(219,'冷水江',10,'2016-03-28 15:48:24','L','lengshuijiang',NULL,NULL,0,111.493942,27.6849147,0,255),(220,'耒阳',10,'2016-03-28 15:48:24','Y','leiyang',NULL,NULL,0,112.9215515,26.4239928,0,255),(221,'湘乡',10,'2016-03-28 15:48:24','X','xiangxiang',NULL,NULL,0,111.7206635,27.6958641,0,255),(222,'常德',10,'2016-03-28 15:48:24','C','changde',NULL,NULL,0,111.6537181,29.0121489,0,255),(223,'怀化',10,'2016-03-28 15:48:24','H','huaihua',NULL,NULL,0,109.9869588,27.5574829,0,255),(224,'岳阳',10,'2016-03-28 15:48:24','Y','yueyang',NULL,NULL,0,113.1461955,29.3780071,0,255),(225,'张家界',10,'2016-03-28 15:48:24','Z','zhangjiajie',NULL,NULL,0,110.4816202,29.1248894,0,255),(226,'大庸',10,'2016-03-28 15:48:24','D','dayong',NULL,NULL,0,111.7206635,27.6958641,0,255),(227,'韶山',10,'2016-03-28 15:48:24','S','shaoshan',NULL,NULL,0,112.533095,27.9273328,0,255),(228,'郴州',10,'2016-03-28 15:48:24','C','chenzhou',NULL,NULL,0,113.0377045,25.782264,0,255),(229,'娄底',10,'2016-03-28 15:48:24','L','loudi',NULL,NULL,0,111.9963964,27.7410733,0,255),(230,'永州',10,'2016-03-28 15:48:24','Y','yongzhou',NULL,NULL,0,111.6146477,26.4359716,0,255),(231,'湘潭',10,'2016-03-28 15:48:24','X','xiangtan',NULL,NULL,0,112.9355556,27.8350951,0,255),(232,'黄山景区',11,'2016-03-28 15:48:24','H','huangshanjingqu',NULL,NULL,0,118.0775461,30.2777459,0,255),(233,'亳州',11,'2016-03-28 15:48:24','Z','bozhou',NULL,NULL,0,115.7879282,33.8712106,0,255),(234,'合肥',11,'2016-03-28 15:48:24','H','hefei',NULL,NULL,0,117.2826991,31.8669423,0,255),(235,'宿州',11,'2016-03-28 15:48:24','S','suzhou',NULL,NULL,0,116.9886924,33.6367724,0,255),(236,'芜湖',11,'2016-03-28 15:48:24','W','wuhu',NULL,NULL,0,118.3841084,31.3660198,1,255),(237,'淮南',11,'2016-03-28 15:48:24','H','huainan',NULL,NULL,0,117.0186389,32.6428118,0,255),(238,'安庆',11,'2016-03-28 15:48:24','A','anqing',NULL,NULL,0,117.0587388,30.5378978,0,255),(239,'宣城',11,'2016-03-28 15:48:24','X','xuancheng',NULL,NULL,0,117.2160052,31.8592524,0,255),(240,'淮北',11,'2016-03-28 15:48:24','H','huaibei',NULL,NULL,0,116.7914474,33.9600233,0,255),(241,'池州',11,'2016-03-28 15:48:24','C','chizhou',NULL,NULL,0,117.4944768,30.6600192,0,255),(242,'九华山景区',11,'2016-03-28 15:48:24','J','jiuhuashanjingqu',NULL,NULL,0,117.2160052,31.8592524,0,255),(243,'巢湖',11,'2016-03-28 15:48:24','C','chaohu',NULL,NULL,0,117.8804904,31.6087325,0,255),(244,'马鞍山',11,'2016-03-28 15:48:24','M','maanshan',NULL,NULL,1,118.5158818,31.6885282,1,255),(245,'黄山',11,'2016-03-28 15:48:24','H','huangshan',NULL,NULL,0,118.0775461,30.2777459,0,255),(246,'六安',11,'2016-03-28 15:48:24','L','luan',NULL,NULL,0,116.5052527,31.7555584,0,255),(247,'铜陵',11,'2016-03-28 15:48:24','T','tongling',NULL,NULL,0,117.8194287,30.9409297,0,255),(248,'绩溪',11,'2016-03-28 15:48:24','J','jixi',NULL,NULL,0,118.6637769,30.1624011,0,255),(249,'滁州',11,'2016-03-28 15:48:24','C','chuzhou',NULL,NULL,0,118.3245704,32.3173506,0,255),(250,'阜阳',11,'2016-03-28 15:48:24','F','fuyang',NULL,NULL,0,115.8209323,32.9012113,0,255),(251,'蚌埠',11,'2016-03-28 15:48:24','B','bengbu',NULL,NULL,0,117.3570799,32.9294989,0,255),(252,'青阳',11,'2016-03-28 15:48:24','Q','qingyang',NULL,NULL,0,117.9081591,30.6020135,0,255),(253,'莱阳',12,'2016-03-28 15:48:24','L','laiyang',NULL,NULL,0,120.7513434,36.9055332,0,255),(254,'潍坊',12,'2016-03-28 15:48:24','W','weifang',NULL,NULL,0,119.1426338,36.7161149,0,255),(255,'肥城',12,'2016-03-28 15:48:24','F','feicheng',NULL,NULL,0,116.7447625,36.1125143,0,255),(256,'滨州',12,'2016-03-28 15:48:24','B','binzhou',NULL,NULL,0,117.9682924,37.4053139,0,255),(257,'即墨',12,'2016-03-28 15:48:24','J','jimo',NULL,NULL,0,120.5211056,36.4879086,0,255),(258,'聊城',12,'2016-03-28 15:48:24','L','liaocheng',NULL,NULL,0,115.9868691,36.4558285,0,255),(259,'桓台',12,'2016-03-28 15:48:24','H','huantai',NULL,NULL,0,118.0343675,36.9962902,0,255),(260,'济宁',12,'2016-03-28 15:48:24','J','jining',NULL,NULL,0,116.6007976,35.4021217,0,255),(261,'曲阜',12,'2016-03-28 15:48:24','Q','qufu',NULL,NULL,0,117.0317899,35.6157606,0,255),(262,'淄博',12,'2016-03-28 15:48:24','Z','zibo',NULL,NULL,0,118.0591343,36.8046849,0,255),(263,'枣庄',12,'2016-03-28 15:48:24','Z','zaozhuang',NULL,NULL,0,117.2793054,34.8078831,0,255),(264,'莱芜',12,'2016-03-28 15:48:24','L','laiwu',NULL,NULL,0,117.6846669,36.2336541,0,255),(265,'青岛',12,'2016-03-28 15:48:24','Q','qingdao',NULL,NULL,0,120.3844282,36.1052149,0,255),(266,'平度',12,'2016-03-28 15:48:24','P','pingdu',NULL,NULL,0,119.951062,36.78855,0,255),(267,'威海',12,'2016-03-28 15:48:24','W','weihai',NULL,NULL,0,122.0939584,37.5287871,0,255),(268,'青州',12,'2016-03-28 15:48:24','Q','qingzhou',NULL,NULL,0,118.4701871,36.6805844,0,255),(269,'德州',12,'2016-03-28 15:48:24','D','dezhou',NULL,NULL,0,116.3281614,37.4608259,0,255),(270,'章丘',12,'2016-03-28 15:48:24','Z','zhangqiu',NULL,NULL,0,117.4793454,36.744883,0,255),(271,'东营',12,'2016-03-28 15:48:24','D','dongying',NULL,NULL,0,118.6126431,37.4086663,0,255),(272,'利津',12,'2016-03-28 15:48:24','L','lijin',NULL,NULL,0,118.4003368,37.6553264,0,255),(273,'菏泽',12,'2016-03-28 15:48:24','H','heze',NULL,NULL,0,115.4633598,35.2624405,0,255),(274,'沂源',12,'2016-03-28 15:48:24','Y','yiyuan',NULL,NULL,0,118.203972,36.1356419,0,255),(275,'临沂',12,'2016-03-28 15:48:24','L','linyi',NULL,NULL,0,118.3474451,35.0588778,0,255),(276,'龙口',12,'2016-03-28 15:48:24','L','longkou',NULL,NULL,0,120.5227995,37.6104013,0,255),(277,'泰安',12,'2016-03-28 15:48:24','T','taian',NULL,NULL,0,117.0894149,36.1880778,0,255),(278,'日照',12,'2016-03-28 15:48:24','R','rizhao',NULL,NULL,0,119.5071799,35.4202252,0,255),(279,'济南',12,'2016-03-28 15:48:24','J','jinan',NULL,NULL,0,117.0249671,36.6827847,2,255),(280,'海阳',12,'2016-03-28 15:48:24','H','haiyang',NULL,NULL,0,121.1136142,36.861588,0,255),(281,'烟台',12,'2016-03-28 15:48:24','Y','yantai',NULL,NULL,0,121.309555,37.5365616,0,255),(282,'金坛',13,'2016-03-28 15:48:24','J','jintan',NULL,NULL,0,119.5150384,31.7230542,0,255),(283,'苏州',13,'2016-03-28 15:48:24','S','suzhou',NULL,NULL,0,120.6199071,31.3179874,0,255),(284,'淮阴',13,'2016-03-28 15:48:24','H','huaiyin',NULL,NULL,0,118.9356638,33.6640593,0,255),(285,'无锡',13,'2016-03-28 15:48:24','W','wuxi',NULL,NULL,0,120.3054559,31.5700375,0,255),(286,'睢宁',13,'2016-03-28 15:48:24','N','suining',NULL,NULL,0,117.8903643,33.9465706,0,255),(287,'常州',13,'2016-03-28 15:48:24','C','changzhou',NULL,NULL,0,119.981861,31.7713967,0,255),(288,'昆山',13,'2016-03-28 15:48:24','K','kunshan',NULL,NULL,0,120.9658078,31.3289368,0,255),(289,'徐州',13,'2016-03-28 15:48:24','X','xuzhou',NULL,NULL,0,117.1881066,34.2715534,0,255),(290,'淮安',13,'2016-03-28 15:48:24','H','huaian',NULL,NULL,0,119.0301864,33.6065127,0,255),(291,'泰州',13,'2016-03-28 15:48:24','T','taizhou',NULL,NULL,0,119.919606,32.4760533,0,255),(292,'盐城',13,'2016-03-28 15:48:24','Y','yancheng',NULL,NULL,0,119.3684889,33.0137972,0,255),(293,'新沂',13,'2016-03-28 15:48:24','X','xinyi',NULL,NULL,0,118.3441215,34.2844427,0,255),(294,'南京',13,'2016-03-28 15:48:24','N','nanjing',NULL,NULL,0,118.7780744,32.0572355,0,255),(295,'溧阳',13,'2016-03-28 15:48:24','Y','liyang',NULL,NULL,0,119.3828389,31.4252419,0,255),(296,'扬州',13,'2016-03-28 15:48:24','Y','yangzhou',NULL,NULL,0,119.4277776,32.4085053,0,255),(297,'江宁',13,'2016-03-28 15:48:24','J','jiangning',NULL,NULL,0,118.8354182,31.8639714,0,255),(298,'南通',13,'2016-03-28 15:48:24','N','nantong',NULL,NULL,0,120.873801,32.0146645,0,255),(299,'清江',13,'2016-03-28 15:48:24','Q','qingjiang',NULL,NULL,0,120.8603847,31.2721724,0,255),(300,'连云港',13,'2016-03-28 15:48:24','L','lianyungang',NULL,NULL,0,119.1738722,34.601549,0,255),(301,'常熟',13,'2016-03-28 15:48:24','C','changshu',NULL,NULL,0,120.831486,31.669446,0,255),(302,'镇江',13,'2016-03-28 15:48:24','Z','zhenjiang',NULL,NULL,0,119.4558354,32.2044094,0,255),(303,'宿迁',13,'2016-03-28 15:48:24','S','suqian',NULL,NULL,0,119.3684889,33.0137972,0,255),(304,'太仓',13,'2016-03-28 15:48:24','T','taicang',NULL,NULL,0,121.1589777,31.5719043,0,255),(305,'高邮',13,'2016-03-28 15:48:24','G','gaoyou',NULL,NULL,0,119.503407,32.8359437,0,255),(306,'三门',14,'2016-03-28 15:48:24','S','sanmen',NULL,NULL,0,119.9572024,29.1594941,0,255),(307,'德清',14,'2016-03-28 15:48:24','D','deqing',NULL,NULL,0,119.9572024,29.1594941,0,255),(308,'舟山',14,'2016-03-28 15:48:24','Z','zhoushan',NULL,NULL,0,122.1698721,30.0360103,0,255),(309,'北仑',14,'2016-03-28 15:48:24','B','beilun',NULL,NULL,0,121.8894189,29.8683323,0,255),(310,'象山',14,'2016-03-28 15:48:24','X','xiangshan',NULL,NULL,0,121.8586656,29.378771,0,255),(311,'天台',14,'2016-03-28 15:48:24','T','tiantai',NULL,NULL,0,119.9572024,29.1594941,0,255),(312,'杭州',14,'2016-03-28 15:48:24','H','hangzhou',NULL,NULL,0,120.2193754,30.2592445,0,255),(313,'仙居',14,'2016-03-28 15:48:24','X','xianju',NULL,NULL,0,119.9572024,29.1594941,0,255),(314,'温州',14,'2016-03-28 15:48:24','W','wenzhou',NULL,NULL,0,120.6906347,28.0028376,0,255),(315,'嘉兴',14,'2016-03-28 15:48:24','J','jiaxing',NULL,NULL,0,120.7604277,30.7739922,0,255),(316,'奉化',14,'2016-03-28 15:48:24','F','fenghua',NULL,NULL,0,121.3771856,29.6170735,0,255),(317,'衢州',14,'2016-03-28 15:48:24','Z','quzhou',NULL,NULL,0,118.8758417,28.9569104,0,255),(318,'临海',14,'2016-03-28 15:48:24','L','linhai',NULL,NULL,0,121.2219193,28.8573886,0,255),(319,'余杭',14,'2016-03-28 15:48:24','Y','yuhang',NULL,NULL,0,119.9572024,29.1594941,0,255),(320,'绍兴',14,'2016-03-28 15:48:24','S','shaoxing',NULL,NULL,0,119.9572024,29.1594941,0,255),(321,'海宁',14,'2016-03-28 15:48:24','H','haining',NULL,NULL,0,120.6187271,30.4421768,0,255),(322,'义乌',14,'2016-03-28 15:48:24','Y','yiwu',NULL,NULL,0,119.9572024,29.1594941,0,255),(323,'慈溪',14,'2016-03-28 15:48:24','C','cixi',NULL,NULL,0,121.3384083,30.1892571,0,255),(324,'余姚',14,'2016-03-28 15:48:24','Y','yuyao',NULL,NULL,0,121.1527792,29.9964567,0,255),(325,'温岭',14,'2016-03-28 15:48:24','W','wenling',NULL,NULL,0,121.421046,28.4005538,0,255),(326,'宁波',14,'2016-03-28 15:48:24','N','ningbo',NULL,NULL,1,121.579006,29.885259,1,255),(327,'台州',14,'2016-03-28 15:48:24','T','taizhou',NULL,NULL,0,121.4406129,28.6682833,0,255),(328,'丽水',14,'2016-03-28 15:48:24','L','lishui',NULL,NULL,0,119.9572024,29.1594941,0,255),(329,'湖州',14,'2016-03-28 15:48:24','H','huzhou',NULL,NULL,0,120.1372432,30.8779252,0,255),(330,'宁海',14,'2016-03-28 15:48:24','N','ninghai',NULL,NULL,0,121.4636244,29.3144741,0,255),(331,'金华',14,'2016-03-28 15:48:24','J','jinhua',NULL,NULL,0,119.6525757,29.1028991,0,255),(332,'九江',15,'2016-03-28 15:48:24','J','jiujiang',NULL,NULL,0,115.999848,29.7196395,0,255),(333,'景德镇',15,'2016-03-28 15:48:24','J','jingdezhen',NULL,NULL,0,117.1865226,29.3035628,0,255),(334,'新余',15,'2016-03-28 15:48:24','X','xinyu',NULL,NULL,0,114.9471174,27.8223216,0,255),(335,'宜春',15,'2016-03-28 15:48:24','Y','yichun',NULL,NULL,0,114.4000387,27.8111299,0,255),(336,'上饶',15,'2016-03-28 15:48:24','S','shangrao',NULL,NULL,0,117.9554639,28.4576226,0,255),(337,'陵川',15,'2016-03-28 15:48:24','L','lingchuan',NULL,NULL,0,115.6760824,27.7572584,0,255),(338,'井冈山',15,'2016-03-28 15:48:24','J','jinggangshan',NULL,NULL,0,114.1254392,26.6331495,0,255),(339,'南昌',15,'2016-03-28 15:48:24','N','nanchang',NULL,NULL,0,115.8935275,28.689578,0,255),(340,'赣州',15,'2016-03-28 15:48:24','G','ganzhou',NULL,NULL,0,114.9359091,25.8452955,0,255),(341,'萍乡',15,'2016-03-28 15:48:24','P','pingxiang',NULL,NULL,0,115.6760824,27.7572584,0,255),(342,'吉安',15,'2016-03-28 15:48:24','J','jian',NULL,NULL,0,114.9920387,27.1138477,0,255),(343,'抚州',15,'2016-03-28 15:48:24','F','fuzhou',NULL,NULL,0,116.3609189,27.9545452,0,255),(344,'鹰潭',15,'2016-03-28 15:48:24','Y','yingtan',NULL,NULL,0,117.0354502,28.2413096,0,255),(345,'瑞金',15,'2016-03-28 15:48:24','R','ruijin',NULL,NULL,0,115.985867,25.9218314,0,255),(346,'武汉',16,'2016-03-28 15:48:24','W','wuhan',NULL,NULL,0,114.3162001,30.5810841,0,255),(347,'沙市',16,'2016-03-28 15:48:24','S','shashi',NULL,NULL,0,112.4105622,31.2093163,0,255),(348,'宜昌',16,'2016-03-28 15:48:24','Y','yichang',NULL,NULL,0,111.3109811,30.7327578,0,255),(349,'黄石',16,'2016-03-28 15:48:24','H','huangshi',NULL,NULL,0,115.0506832,30.2161271,0,255),(350,'荆州',16,'2016-03-28 15:48:24','J','jingzhou',NULL,NULL,0,112.0998572,30.3961034,0,255),(351,'孝感',16,'2016-03-28 15:48:24','X','xiaogan',NULL,NULL,0,112.4105622,31.2093163,0,255),(352,'咸宁',16,'2016-03-28 15:48:24','X','xianning',NULL,NULL,0,114.3000606,29.8806568,0,255),(353,'恩施',16,'2016-03-28 15:48:24','E','enshi',NULL,NULL,0,109.5174327,30.3089785,0,255),(354,'天门',16,'2016-03-28 15:48:24','T','tianmen',NULL,NULL,0,112.4105622,31.2093163,0,255),(355,'神农架',16,'2016-03-28 15:48:24','S','shennongjia',NULL,NULL,0,112.4105622,31.2093163,0,255),(356,'十堰',16,'2016-03-28 15:48:24','S','shiyan',NULL,NULL,0,110.8012289,32.6369943,0,255),(357,'老河口',16,'2016-03-28 15:48:24','L','laohekou',NULL,NULL,0,111.7658302,32.4341656,0,255),(358,'鄂州',16,'2016-03-28 15:48:24','E','Ezhou',NULL,NULL,0,114.895594,30.3844393,0,255),(359,'襄樊',16,'2016-03-28 15:48:24','X','xiangfan',NULL,NULL,0,112.4105622,31.2093163,0,255),(360,'荆门',16,'2016-03-28 15:48:24','J','jingmen',NULL,NULL,0,112.4105622,31.2093163,0,255),(361,'黄冈',16,'2016-03-28 15:48:24','H','huanggang',NULL,NULL,0,114.906618,30.4461089,0,255),(362,'随州',16,'2016-03-28 15:48:24','S','suizhou',NULL,NULL,0,113.3793584,31.7178576,0,255),(363,'仙桃',16,'2016-03-28 15:48:24','X','xiantao',NULL,NULL,0,113.3874482,30.293966,0,255),(364,'潜江',16,'2016-03-28 15:48:24','Q','qianjiang',NULL,NULL,0,112.768768,30.3431158,0,255),(365,'桂平',17,'2016-03-28 15:48:24','G','guiping',NULL,NULL,0,110.0871189,23.3332806,0,255),(366,'柳州',17,'2016-03-28 15:48:24','L','liuzhou',NULL,NULL,0,109.4224018,24.3290534,0,255),(367,'百色',17,'2016-03-28 15:48:24','B','baise',NULL,NULL,0,108.9242744,23.5522547,0,255),(368,'贺州',17,'2016-03-28 15:48:24','H','hezhou',NULL,NULL,0,111.5525942,24.4110535,0,255),(369,'河池',17,'2016-03-28 15:48:24','H','hechi',NULL,NULL,0,108.9242744,23.5522547,0,255),(370,'钦州',17,'2016-03-28 15:48:24','Q','qinzhou',NULL,NULL,0,108.6387981,21.9733505,0,255),(371,'来宾',17,'2016-03-28 15:48:24','L','laibin',NULL,NULL,0,108.9242744,23.5522547,0,255),(372,'贵港',17,'2016-03-28 15:48:24','G','guigang',NULL,NULL,0,108.9242744,23.5522547,0,255),(373,'宜州',17,'2016-03-28 15:48:24','Y','yizhou',NULL,NULL,0,108.5465523,24.4811767,0,255),(374,'南宁',17,'2016-03-28 15:48:24','N','nanning',NULL,NULL,0,108.2972336,22.8064929,0,255),(375,'北海',17,'2016-03-28 15:48:24','B','beihai',NULL,NULL,0,109.1226279,21.4727182,0,255),(376,'梧州',17,'2016-03-28 15:48:24','W','wuzhou',NULL,NULL,0,111.305472,23.4853946,0,255),(377,'玉林',17,'2016-03-28 15:48:24','Y','yulin',NULL,NULL,0,110.1516763,22.6439736,0,255),(378,'桂林',17,'2016-03-28 15:48:24','G','guilin',NULL,NULL,0,110.2609201,25.2629012,0,255),(379,'防城港',17,'2016-03-28 15:48:24','F','fangchenggang',NULL,NULL,0,108.9242744,23.5522547,0,255),(380,'崇左',17,'2016-03-28 15:48:24','C','chongzuo',NULL,NULL,0,108.9242744,23.5522547,0,255),(381,'北流',17,'2016-03-28 15:48:24','B','beiliu',NULL,NULL,0,108.9242744,23.5522547,0,255),(382,'天水',18,'2016-03-28 15:48:24','T','tianshui',NULL,NULL,0,102.4576246,38.1032673,0,255),(383,'张掖',18,'2016-03-28 15:48:24','Z','zhangye',NULL,NULL,0,102.4576246,38.1032673,0,255),(384,'庆阳',18,'2016-03-28 15:48:24','Q','qingyang',NULL,NULL,0,107.6442271,35.7268008,0,255),(385,'陇南(成县)',18,'2016-03-28 15:48:24','L','longnan(chengxian)',NULL,NULL,0,105.688289,33.7472966,0,255),(386,'敦煌',18,'2016-03-28 15:48:24','D','dunhuang',NULL,NULL,0,102.4576246,38.1032673,0,255),(387,'兰州',18,'2016-03-28 15:48:24','L','lanzhou',NULL,NULL,0,103.8233054,36.0642255,0,255),(388,'酒泉',18,'2016-03-28 15:48:24','J','jiuquan',NULL,NULL,0,102.4576246,38.1032673,1,255),(389,'白银',18,'2016-03-28 15:48:24','B','baiyin',NULL,NULL,0,104.2056493,36.5018218,0,255),(390,'武威',18,'2016-03-28 15:48:24','W','wuwei',NULL,NULL,0,102.4576246,38.1032673,0,255),(391,'平凉',18,'2016-03-28 15:48:24','P','pingliang',NULL,NULL,0,106.6889112,35.5501102,0,255),(392,'定西',18,'2016-03-28 15:48:24','D','dingxi',NULL,NULL,0,104.6266376,35.5860562,0,255),(393,'甘南(合作)',18,'2016-03-28 15:48:24','G','gannan(hezuo)',NULL,NULL,0,103.0856492,34.9972595,0,255),(394,'金昌',18,'2016-03-28 15:48:24','J','jinchang',NULL,NULL,0,102.4576246,38.1032673,0,255),(395,'嘉峪关',18,'2016-03-28 15:48:24','J','jiayuguan',NULL,NULL,0,98.2816346,39.8023973,0,255),(396,'临夏',18,'2016-03-28 15:48:24','L','linxia',NULL,NULL,0,103.2005758,35.5858348,0,255),(397,'太原',19,'2016-03-28 15:48:24','T','taiyuan',NULL,NULL,0,112.5508636,37.8902771,0,255),(398,'大同',19,'2016-03-28 15:48:24','D','datong',NULL,NULL,0,113.2905087,40.1137445,0,255),(399,'朔州',19,'2016-03-28 15:48:24','S','shuozhou',NULL,NULL,0,112.4799277,39.337672,0,255),(400,'晋城',19,'2016-03-28 15:48:24','J','jincheng',NULL,NULL,0,112.8673328,35.4998345,0,255),(401,'运城',19,'2016-03-28 15:48:24','Y','yuncheng',NULL,NULL,0,111.0068537,35.0388595,0,255),(402,'吕梁',19,'2016-03-28 15:48:24','L','luliang',NULL,NULL,0,111.1431566,37.5273161,0,255),(403,'长治',19,'2016-03-28 15:48:24','C','changzhi',NULL,NULL,0,113.1202921,36.2016644,0,255),(404,'阳泉',19,'2016-03-28 15:48:24','Y','yangquan',NULL,NULL,0,113.5692376,37.8695295,0,255),(405,'临汾',19,'2016-03-28 15:48:24','L','linfen',NULL,NULL,0,111.5387876,36.0997454,0,255),(406,'忻州',19,'2016-03-28 15:48:24','X','xinzhou',NULL,NULL,0,112.7279388,38.4610306,0,255),(407,'晋中',19,'2016-03-28 15:48:24','J','jinzhong',NULL,NULL,0,112.7385144,37.6933615,0,255),(408,'西安',21,'2016-03-28 15:48:24','X','xian',NULL,NULL,0,108.9530983,34.2777999,0,255),(409,'延安',21,'2016-03-28 15:48:24','Y','yanan',NULL,NULL,0,109.5005098,36.6033204,0,255),(410,'咸阳',21,'2016-03-28 15:48:24','X','xianyang',NULL,NULL,0,108.7075093,34.345373,0,255),(411,'渭南',21,'2016-03-28 15:48:24','W','weinan',NULL,NULL,0,109.4839327,34.502358,0,255),(412,'榆林',21,'2016-03-28 15:48:24','Y','yulin',NULL,NULL,0,109.7459257,38.2794392,0,255),(413,'商洛',21,'2016-03-28 15:48:24','S','shangluo',NULL,NULL,0,109.5037893,35.8600263,0,255),(414,'宝鸡',21,'2016-03-28 15:48:24','B','baoji',NULL,NULL,0,107.1706455,34.3640808,0,255),(415,'兴平',21,'2016-03-28 15:48:24','X','xingping',NULL,NULL,0,108.4757604,34.3076094,0,255),(416,'铜川',21,'2016-03-28 15:48:24','T','tongchuan',NULL,NULL,0,108.968067,34.9083677,0,255),(417,'汉中',21,'2016-03-28 15:48:24','H','hanzhong',NULL,NULL,0,107.0454776,33.081569,0,255),(418,'安康',21,'2016-03-28 15:48:24','A','ankang',NULL,NULL,0,109.0380446,32.7043704,0,255),(419,'周至',21,'2016-03-28 15:48:24','Z','zhouzhi',NULL,NULL,0,109.5037893,35.8600263,0,255),(420,'白城',22,'2016-03-28 15:48:24','B','baicheng',NULL,NULL,0,126.564544,43.8719883,0,255),(421,'吉林',22,'2016-03-28 15:48:24','J','jilin',NULL,NULL,0,126.564544,43.8719883,0,255),(422,'四平',22,'2016-03-28 15:48:24','S','siping',NULL,NULL,0,126.564544,43.8719883,0,255),(423,'松原',22,'2016-03-28 15:48:24','S','songyuan',NULL,NULL,0,126.564544,43.8719883,0,255),(424,'珲春',22,'2016-03-28 15:48:24','C','hunchun',NULL,NULL,0,126.564544,43.8719883,0,255),(425,'舒兰',22,'2016-03-28 15:48:24','S','shulan',NULL,NULL,0,126.564544,43.8719883,0,255),(426,'公主岭',22,'2016-03-28 15:48:24','G','gongzhuling',NULL,NULL,0,126.564544,43.8719883,0,255),(427,'长春',22,'2016-03-28 15:48:24','C','changchun',NULL,NULL,0,125.3136424,43.8983376,0,255),(428,'白山',22,'2016-03-28 15:48:24','B','baishan',NULL,NULL,0,126.564544,43.8719883,0,255),(429,'辽源',22,'2016-03-28 15:48:24','L','liaoyuan',NULL,NULL,0,109.0687937,34.3341745,0,255),(430,'通化',22,'2016-03-28 15:48:24','T','tonghua',NULL,NULL,0,126.564544,43.8719883,0,255),(431,'延吉',22,'2016-03-28 15:48:24','Y','yanji',NULL,NULL,0,129.4713015,43.0596666,0,255),(432,'龙井',22,'2016-03-28 15:48:24','L','longjing',NULL,NULL,0,126.564544,43.8719883,0,255),(433,'临江',22,'2016-03-28 15:48:24','L','linjiang',NULL,NULL,0,127.1917103,41.816566,0,255),(434,'梅河口',22,'2016-03-28 15:48:24','M','meihekou',NULL,NULL,0,125.7235156,42.5426499,0,255),(435,'莆田',23,'2016-03-28 15:48:24','P','putian',NULL,NULL,0,119.0035715,25.4255672,0,255),(436,'福鼎',23,'2016-03-28 15:48:24','F','fuding',NULL,NULL,0,117.9849431,26.0501183,0,255),(437,'仙游',23,'2016-03-28 15:48:24','X','xianyou',NULL,NULL,0,118.7046256,25.4682583,0,255),(438,'长乐',23,'2016-03-28 15:48:24','C','changle',NULL,NULL,0,119.5627198,25.9155384,0,255),(439,'福州',23,'2016-03-28 15:48:24','F','fuzhou',NULL,NULL,0,119.3302211,26.0471255,0,255),(440,'长泰',23,'2016-03-28 15:48:24','C','changtai',NULL,NULL,0,117.8129874,24.7445937,0,255),(441,'泉州',23,'2016-03-28 15:48:24','Q','quanzhou',NULL,NULL,0,118.6003623,24.9016524,0,255),(442,'邵武',23,'2016-03-28 15:48:24','S','shaowu',NULL,NULL,0,117.9849431,26.0501183,0,255),(443,'龙岩',23,'2016-03-28 15:48:24','L','longyan',NULL,NULL,0,117.0179967,25.0786854,0,255),(444,'晋江',23,'2016-03-28 15:48:24','J','jinjiang',NULL,NULL,0,118.5586505,24.7296383,0,255),(445,'南平',23,'2016-03-28 15:48:24','N','nanping',NULL,NULL,0,118.1818829,26.6436265,0,255),(446,'宁德',23,'2016-03-28 15:48:24','N','ningde',NULL,NULL,0,117.9849431,26.0501183,0,255),(447,'闽侯',23,'2016-03-28 15:48:24','M','minhou',NULL,NULL,0,117.9849431,26.0501183,0,255),(448,'罗源',23,'2016-03-28 15:48:24','L','luoyuan',NULL,NULL,0,117.9849431,26.0501183,0,255),(449,'福清',23,'2016-03-28 15:48:24','F','fuqing',NULL,NULL,0,119.377547,25.6381206,0,255),(450,'云霄',23,'2016-03-28 15:48:24','Y','yunxiao',NULL,NULL,0,117.9849431,26.0501183,0,255),(451,'厦门',23,'2016-03-28 15:48:24','X','xiamen',NULL,NULL,0,118.103886,24.4892306,0,255),(452,'东山岛',23,'2016-03-28 15:48:24','D','dongshandao',NULL,NULL,0,117.4448892,23.717796,0,255),(453,'漳州',23,'2016-03-28 15:48:24','Z','zhangzhou',NULL,NULL,0,117.6762047,24.5170648,0,255),(454,'石狮',23,'2016-03-28 15:48:24','S','shishi',NULL,NULL,0,118.6924809,24.7448942,0,255),(455,'三明',23,'2016-03-28 15:48:24','S','sanming',NULL,NULL,0,117.6421939,26.2708353,0,255),(456,'建阳',23,'2016-03-28 15:48:24','J','jianyang',NULL,NULL,0,118.0677929,27.4083809,0,255),(457,'永安',23,'2016-03-28 15:48:24','Y','yongan',NULL,NULL,0,117.3285355,25.9194332,0,255),(458,'安顺',24,'2016-03-28 15:48:24','A','anshun',NULL,NULL,0,105.92827,26.2285946,0,255),(459,'六盘水',24,'2016-03-28 15:48:24','L','liupanshui',NULL,NULL,0,104.8520868,26.5918661,0,255),(460,'毕节',24,'2016-03-28 15:48:24','B','bijie',NULL,NULL,0,106.7349961,26.9028259,0,255),(461,'凯里',24,'2016-03-28 15:48:24','K','kaili',NULL,NULL,0,102.7029625,25.0282024,0,255),(462,'贵阳',24,'2016-03-28 15:48:24','G','guiyang',NULL,NULL,0,106.7091771,26.6299067,0,255),(463,'铜仁',24,'2016-03-28 15:48:24','T','tongren',NULL,NULL,0,109.168558,27.6749027,0,255),(464,'遵义',24,'2016-03-28 15:48:24','Z','zunyi',NULL,NULL,0,106.7349961,26.9028259,0,255),(465,'兴义',24,'2016-03-28 15:48:24','X','xingyi',NULL,NULL,0,104.8578372,25.0025438,0,255),(466,'都匀',24,'2016-03-28 15:48:24','D','duyun',NULL,NULL,0,106.7349961,26.9028259,0,255),(467,'泸州',25,'2016-03-28 15:48:24','Z','luzhou',NULL,NULL,0,105.4439703,28.8959298,0,255),(468,'巴中',25,'2016-03-28 15:48:24','B','bazhong',NULL,NULL,0,102.8991597,30.3674809,0,255),(469,'自贡',25,'2016-03-28 15:48:24','Z','zigong',NULL,NULL,0,102.8991597,30.3674809,0,255),(470,'眉山',25,'2016-03-28 15:48:24','M','meishan',NULL,NULL,0,102.8991597,30.3674809,0,255),(471,'崇州',25,'2016-03-28 15:48:24','C','chongzhou',NULL,NULL,0,102.8991597,30.3674809,0,255),(472,'甘孜(康定)',25,'2016-03-28 15:48:24','G','ganzi(kangding)',NULL,NULL,0,101.7553306,29.9579893,0,255),(473,'都江堰',25,'2016-03-28 15:48:24','D','dujiangyan',NULL,NULL,0,103.637342,31.0391237,0,255),(474,'丹棱',25,'2016-03-28 15:48:24','D','danleng',NULL,NULL,0,102.8991597,30.3674809,0,255),(475,'乐山',25,'2016-03-28 15:48:24','L','leshan',NULL,NULL,0,114.4920187,38.0451973,0,255),(476,'万县',25,'2016-03-28 15:48:24','W','wanxian',NULL,NULL,0,102.8991597,30.3674809,0,255),(477,'江油',25,'2016-03-28 15:48:24','J','jiangyou',NULL,NULL,0,102.8991597,30.3674809,0,255),(478,'成都',25,'2016-03-28 15:48:24','C','chengdu',NULL,NULL,0,102.8991597,30.3674809,0,255),(479,'汶川县',25,'2016-03-28 15:48:24','C','wenchuanxian',NULL,NULL,0,103.2943169,31.1687741,0,255),(480,'金堂',25,'2016-03-28 15:48:24','J','jintang',NULL,NULL,0,102.8991597,30.3674809,0,255),(481,'峨眉山',25,'2016-03-28 15:48:24','E','Emeishan',NULL,NULL,0,103.4009123,29.507004,0,255),(482,'彭州',25,'2016-03-28 15:48:24','P','pengzhou',NULL,NULL,0,102.8991597,30.3674809,0,255),(483,'南充',25,'2016-03-28 15:48:24','N','nanchong',NULL,NULL,0,102.8991597,30.3674809,0,255),(484,'宜宾',25,'2016-03-28 15:48:24','Y','yibin',NULL,NULL,0,102.8991597,30.3674809,0,255),(485,'广元',25,'2016-03-28 15:48:24','G','guangyuan',NULL,NULL,0,102.8991597,30.3674809,0,255),(486,'攀枝花',25,'2016-03-28 15:48:24','P','panzhihua',NULL,NULL,0,102.8991597,30.3674809,0,255),(487,'雅安',25,'2016-03-28 15:48:24','Y','yaan',NULL,NULL,0,102.8991597,30.3674809,0,255),(488,'资阳',25,'2016-03-28 15:48:24','Z','ziyang',NULL,NULL,0,102.8991597,30.3674809,0,255),(489,'阿坝(马尔康)',25,'2016-03-28 15:48:24','A','Aba(maerkang)',NULL,NULL,0,102.0233049,32.0193037,0,255),(490,'西昌',25,'2016-03-28 15:48:24','X','xichang',NULL,NULL,0,102.1178879,27.8633774,0,255),(491,'三台',25,'2016-03-28 15:48:24','S','santai',NULL,NULL,0,105.0425811,31.1188725,0,255),(492,'遂宁',25,'2016-03-28 15:48:24','S','suining',NULL,NULL,0,102.8991597,30.3674809,0,255),(493,'梁平',25,'2016-03-28 15:48:24','L','liangping',NULL,NULL,0,102.8991597,30.3674809,0,255),(494,'达州',25,'2016-03-28 15:48:24','D','dazhou',NULL,NULL,0,107.4949734,31.2141989,0,255),(495,'广汉',25,'2016-03-28 15:48:24','G','guanghan',NULL,NULL,0,102.8991597,30.3674809,0,255),(496,'大邑',25,'2016-03-28 15:48:24','D','dayi',NULL,NULL,0,102.8991597,30.3674809,0,255),(497,'内江',25,'2016-03-28 15:48:24','N','neijiang',NULL,NULL,0,105.073056,29.5994615,0,255),(498,'什邡',25,'2016-03-28 15:48:24','S','shifang',NULL,NULL,0,102.8991597,30.3674809,0,255),(499,'德阳',25,'2016-03-28 15:48:24','D','deyang',NULL,NULL,0,102.8991597,30.3674809,0,255),(500,'绵阳',25,'2016-03-28 15:48:24','M','mianyang',NULL,NULL,0,102.8991597,30.3674809,0,255),(501,'绵竹',25,'2016-03-28 15:48:24','M','mianzhu',NULL,NULL,0,102.8991597,30.3674809,0,255),(502,'广安',25,'2016-03-28 15:48:24','G','guangan',NULL,NULL,0,102.8991597,30.3674809,0,255),(503,'顺德',26,'2016-03-28 15:48:24','S','shunde',NULL,NULL,0,113.1870299,22.8485101,0,255),(504,'河源',26,'2016-03-28 15:48:24','H','heyuan',NULL,NULL,0,114.7137215,23.7572509,0,255),(505,'梅州',26,'2016-03-28 15:48:24','M','meizhou',NULL,NULL,0,116.1264031,24.3045706,0,255),(506,'茂名',26,'2016-03-28 15:48:24','M','maoming',NULL,NULL,0,110.9312453,21.6682257,0,255),(507,'广州',26,'2016-03-28 15:48:24','G','guangzhou',NULL,NULL,0,113.3076497,23.1200491,0,255),(508,'阳江',26,'2016-03-28 15:48:24','Y','yangjiang',NULL,NULL,0,111.9770098,21.8715173,0,255),(509,'珠海',26,'2016-03-28 15:48:24','Z','zhuhai',NULL,NULL,0,113.562447,22.2569146,0,255),(510,'韶关',26,'2016-03-28 15:48:24','S','shaoguan',NULL,NULL,0,113.3948176,23.4080037,0,255),(511,'佛山',26,'2016-03-28 15:48:24','F','foshan',NULL,NULL,0,113.1340256,23.0350948,0,255),(512,'化州',26,'2016-03-28 15:48:24','H','huazhou',NULL,NULL,0,110.5395915,21.8454823,0,255),(513,'番禺',26,'2016-03-28 15:48:24','F','panyu',NULL,NULL,0,113.4167995,22.9345908,0,255),(514,'鹤山',26,'2016-03-28 15:48:24','H','heshan',NULL,NULL,0,112.8016184,22.6753174,0,255),(515,'湛江',26,'2016-03-28 15:48:24','Z','zhanjiang',NULL,NULL,0,110.3650673,21.2574631,0,255),(516,'清远',26,'2016-03-28 15:48:24','Q','qingyuan',NULL,NULL,0,113.0407733,23.6984686,0,255),(517,'惠州',26,'2016-03-28 15:48:24','H','huizhou',NULL,NULL,0,114.4106581,23.1135399,0,255),(518,'揭阳',26,'2016-03-28 15:48:24','J','jieyang',NULL,NULL,0,116.3795009,23.5479995,0,255),(519,'肇庆',26,'2016-03-28 15:48:24','Z','zhaoqing',NULL,NULL,0,112.4796534,23.0786633,0,255),(520,'云浮',26,'2016-03-28 15:48:24','Y','yunfu',NULL,NULL,0,112.050946,22.9379757,0,255),(521,'深圳',26,'2016-03-28 15:48:24','S','shenzhen',NULL,NULL,0,114.0259737,22.5460535,0,255),(522,'江门',26,'2016-03-28 15:48:24','J','jiangmen',NULL,NULL,0,113.0781253,22.5751168,0,255),(523,'东莞',26,'2016-03-28 15:48:24','D','dongguan',NULL,NULL,0,113.763434,23.0430238,0,255),(524,'乐昌',26,'2016-03-28 15:48:24','L','lechang',NULL,NULL,0,113.2469561,25.2444419,0,255),(525,'潮州',26,'2016-03-28 15:48:24','C','chaozhou',NULL,NULL,0,116.630076,23.6618117,0,255),(526,'从化',26,'2016-03-28 15:48:24','C','conghua',NULL,NULL,0,113.6848238,23.6802493,0,255),(527,'汕头',26,'2016-03-28 15:48:24','S','shantou',NULL,NULL,0,116.7286503,23.3839085,0,255),(528,'汕尾',26,'2016-03-28 15:48:24','S','shanwei',NULL,NULL,0,115.3729243,22.7787305,0,255),(529,'中山',26,'2016-03-28 15:48:24','Z','zhongshan',NULL,NULL,0,113.42206,22.5451775,0,255),(530,'果洛(玛沁)',27,'2016-03-28 15:48:24','G','guoluo(maqin)',NULL,NULL,0,99.7942616,34.5040171,0,255),(531,'玉树',27,'2016-03-28 15:48:24','Y','yushu',NULL,NULL,0,96.2025437,35.499761,0,255),(532,'西宁',27,'2016-03-28 15:48:24','X','xining',NULL,NULL,0,96.2025437,35.499761,0,255),(533,'海北(海晏)',27,'2016-03-28 15:48:24','H','haibei(haiyan)',NULL,NULL,0,100.8433551,37.1147483,0,255),(534,'海南(共和)',27,'2016-03-28 15:48:24','H','hainan(gonghe)',NULL,NULL,0,100.0648757,36.5383424,0,255),(535,'海西(德令哈)',27,'2016-03-28 15:48:24','H','haixi(delingha)',NULL,NULL,0,97.1628324,37.7270586,0,255),(536,'格尔木',27,'2016-03-28 15:48:24','G','geermu',NULL,NULL,0,96.2025437,35.499761,0,255),(537,'海东(平安)',27,'2016-03-28 15:48:24','H','haidong(pingan)',NULL,NULL,0,102.003965,36.4064115,0,255),(538,'黄南(同仁)',27,'2016-03-28 15:48:24','H','huangnan(tongren)',NULL,NULL,0,102.078449,35.4268288,0,255),(539,'昌吉',28,'2016-03-28 15:48:24','C','changji',NULL,NULL,0,126.6377073,45.6117467,0,255),(540,'库尔勒',28,'2016-03-28 15:48:24','K','kuerle',NULL,NULL,0,85.7094176,41.7054999,0,255),(541,'伊宁',28,'2016-03-28 15:48:24','Y','yining',NULL,NULL,0,81.2890481,44.0203558,0,255),(542,'阿克苏',28,'2016-03-28 15:48:24','A','Akesu',NULL,NULL,0,81.1560131,40.3494443,0,255),(543,'克拉玛依',28,'2016-03-28 15:48:24','K','kelamayi',NULL,NULL,0,103.8499309,36.0645697,0,255),(544,'喀什',28,'2016-03-28 15:48:24','K','kashi',NULL,NULL,0,126.6377073,45.6117467,0,255),(545,'石河子',28,'2016-03-28 15:48:24','S','shihezi',NULL,NULL,0,86.0418649,44.308259,0,255),(546,'和田',28,'2016-03-28 15:48:24','H','hetian',NULL,NULL,0,126.6377073,45.6117467,0,255),(547,'阿图什',28,'2016-03-28 15:48:24','A','Atushi',NULL,NULL,0,103.8499309,36.0645697,0,255),(548,'博乐',28,'2016-03-28 15:48:24','B','bole',NULL,NULL,0,81.8742847,44.844209,0,255),(549,'阿拉尔',28,'2016-03-28 15:48:24','A','Alaer',NULL,NULL,0,103.8499309,36.0645697,0,255),(550,'五家渠',28,'2016-03-28 15:48:24','W','wujiaqu',NULL,NULL,0,87.565449,44.3688995,0,255),(551,'乌鲁木齐',28,'2016-03-28 15:48:24','W','wulumuqi',NULL,NULL,0,87.5649877,43.8403803,0,255),(552,'哈密',28,'2016-03-28 15:48:24','H','hami',NULL,NULL,0,126.6377073,45.6117467,0,255),(553,'吐鲁番',28,'2016-03-28 15:48:24','T','tulufan',NULL,NULL,0,116.5194351,39.6831168,0,255),(554,'图木舒克',28,'2016-03-28 15:48:24','T','tumushuke',NULL,NULL,0,103.8499309,36.0645697,0,255),(555,'拉萨',29,'2016-03-28 15:48:24','L','lasa',NULL,NULL,0,89.1379817,31.3673154,0,255),(556,'昌都',29,'2016-03-28 15:48:24','C','changdu',NULL,NULL,0,89.1379817,31.3673154,0,255),(557,'日喀则',29,'2016-03-28 15:48:24','R','rikaze',NULL,NULL,0,88.9560628,29.26816,0,255),(558,'林芝',29,'2016-03-28 15:48:24','L','linzhi',NULL,NULL,0,89.1379817,31.3673154,0,255),(559,'那曲',29,'2016-03-28 15:48:24','N','naqu',NULL,NULL,0,89.1379817,31.3673154,0,255),(560,'山南',29,'2016-03-28 15:48:24','S','shannan',NULL,NULL,0,89.1379817,31.3673154,0,255),(561,'阿里(噶尔)',29,'2016-03-28 15:48:24','A','Ali(gaer)',NULL,NULL,0,80.3159744,32.0055014,0,255),(562,'银川',30,'2016-03-28 15:48:24','Y','yinchuan',NULL,NULL,0,106.2064786,38.502621,0,255),(563,'吴忠',30,'2016-03-28 15:48:24','W','wuzhong',NULL,NULL,0,106.2082542,37.993561,0,255),(564,'中卫',30,'2016-03-28 15:48:24','Z','zhongwei',NULL,NULL,0,106.1554813,37.3213231,0,255),(565,'石嘴山',30,'2016-03-28 15:48:24','S','shizuishan',NULL,NULL,0,106.3793372,39.0202233,0,255),(566,'固原',30,'2016-03-28 15:48:24','G','guyuan',NULL,NULL,0,106.1554813,37.3213231,0,255),(567,'三亚',31,'2016-03-28 15:48:24','S','sanya',NULL,NULL,0,109.5227713,18.2577759,0,255),(568,'儋州',31,'2016-03-28 15:48:24','Z','danzhou',NULL,NULL,0,109.4139731,19.5711531,0,255),(569,'万宁',31,'2016-03-28 15:48:24','W','wanning',NULL,NULL,0,110.2925049,18.8398859,0,255),(570,'五指山',31,'2016-03-28 15:48:24','W','wuzhishan',NULL,NULL,0,109.5177501,18.8313057,0,255),(571,'海口',31,'2016-03-28 15:48:24','H','haikou',NULL,NULL,0,110.3308018,20.0220713,0,255),(572,'琼海',31,'2016-03-28 15:48:24','Q','qionghai',NULL,NULL,0,106.9253972,39.2962095,0,255),(573,'文昌',31,'2016-03-28 15:48:24','W','wenchang',NULL,NULL,0,110.7809094,19.7509474,0,255),(574,'东方',31,'2016-03-28 15:48:24','D','dongfang',NULL,NULL,0,106.9253972,39.2962095,0,255),(575,'宣威',7,'2016-03-28 15:48:24','X','xuanwei',NULL,NULL,0,104.15257073219,26.27682862263,0,256),(576,'呼和浩特市',20,'2016-03-28 15:48:24','H','huhehaoteshi',NULL,NULL,0,111.66035052005,40.82831887308,0,255),(577,'包头市',20,'2016-03-28 15:48:24','B','baotoushi',NULL,NULL,0,109.84623853249,40.64711942571,0,255),(578,'乌海市',20,'2016-03-28 15:48:24','W','wuhaishi',NULL,NULL,0,106.83199909716,39.68317700679,0,255),(579,'赤峰市',20,'2016-03-28 15:48:24','C','chifengshi',NULL,NULL,0,118.93076119217,42.29711232032,0,255),(580,'通辽市',20,'2016-03-28 15:48:24','T','tongliaoshi',NULL,NULL,0,122.26036326322,43.633756073,0,255),(581,'鄂尔多斯市',20,'2016-03-28 15:48:24','E','eerduosishi',NULL,NULL,0,109.99370625145,39.8164895606,0,255),(582,'呼伦贝尔市',20,'2016-03-28 15:48:24','H','hulunbeiershi',NULL,NULL,0,119.760821794,49.2016360546,0,255),(583,'巴彦淖尔市',20,'2016-03-28 15:48:24','B','bayanzhuoershi',NULL,NULL,0,107.42380671968,40.76917990243,0,255),(584,'乌兰察布市',20,'2016-03-28 15:48:24','W','wulanchabushi',NULL,NULL,0,113.11284639068,41.02236294675,0,255),(585,'兴安盟',20,'2016-03-28 15:48:24','X','xinganshi',NULL,NULL,0,122.04816651407,46.08375706518,0,255),(586,'锡林郭勒盟',20,'2016-03-28 15:48:24','X','xilinguolemeng',NULL,NULL,0,116.02733968896,43.93970484232,1,255),(587,'阿拉善盟',20,'2016-03-28 15:48:24','A','alashanmeng',NULL,NULL,0,105.69568287113,38.84307526441,0,255);

#
# Structure for table "vol_basic_data"
#

CREATE TABLE `vol_basic_data` (
  `dataId` int(11) NOT NULL AUTO_INCREMENT COMMENT '基础信息ID',
  `typeId` int(11) DEFAULT NULL COMMENT '类型ID',
  `dataName` varchar(100) DEFAULT NULL COMMENT '信息名称',
  `sort` int(11) DEFAULT NULL COMMENT '排序',
  `createUserId` int(11) DEFAULT NULL COMMENT '创建人id',
  PRIMARY KEY (`dataId`)
) ENGINE=InnoDB AUTO_INCREMENT=198 DEFAULT CHARSET=utf8 COMMENT='基础信息表';

#
# Data for table "vol_basic_data"
#

INSERT INTO `vol_basic_data` VALUES (2,4,'中共党员',1,NULL),(3,4,'中共预备党员',2,NULL),(4,4,'共青团员',3,NULL),(6,1,'服务',1,NULL),(7,2,'音乐',1,NULL),(8,2,'舞蹈',2,NULL),(9,2,'戏曲',3,NULL),(10,2,'书法',4,NULL),(11,2,'美术',5,NULL),(12,2,'摄影',6,NULL),(13,2,'艺术编导',7,NULL),(14,2,'手工技艺',8,NULL),(15,4,'民革党员',4,NULL),(16,4,'民盟盟员',5,NULL),(17,4,'民建会员',6,NULL),(18,4,'民进会员',7,NULL),(22,4,'农工党党员',8,NULL),(23,4,'致公党党员',9,NULL),(24,4,'九三学社社员',10,NULL),(25,4,'台盟盟员',11,NULL),(26,4,'无党派民主人士',12,NULL),(27,4,'群众（现称普通公民）',13,NULL),(28,5,'全部',0,NULL),(29,5,'儿童',1,NULL),(30,5,'青少年',2,NULL),(31,5,'孤寡老人',3,NULL),(32,5,'残障人士',4,NULL),(33,5,'优抚对象',5,NULL),(34,5,'特困群体',6,NULL),(35,5,'其他',7,NULL),(36,6,'内地居民身份证',1,NULL),(37,6,'香港居民身份证',2,NULL),(38,6,'澳门居民身份证',3,NULL),(39,6,'台湾居民身份证',4,NULL),(40,6,'护照',5,NULL),(41,6,'军官证',6,NULL),(42,6,'士兵证',7,NULL),(43,7,'国家公务员',1,NULL),(44,7,'专业技术人员',2,NULL),(45,7,'职员',3,NULL),(46,7,'企业管理人员',4,NULL),(47,7,'工人',5,NULL),(48,7,'农民',6,NULL),(49,7,'学生',7,NULL),(50,7,'教师',8,NULL),(51,7,'现役军人',9,NULL),(52,7,'自由职业者',10,NULL),(53,7,'个体经营者',11,NULL),(54,7,'无业人员',12,NULL),(55,7,'退（离）休人员',13,NULL),(56,7,'其他',14,NULL),(57,8,'系统管理员',0,NULL),(58,8,'微信',1,NULL),(59,8,'QQ',2,NULL),(60,8,'微博',3,NULL),(61,8,'PCweb注册',4,NULL),(62,8,'APP注册',5,NULL),(63,8,'手机web注册',6,NULL),(64,9,'博士',1,NULL),(65,9,'硕士',2,NULL),(66,9,'本科',3,NULL),(67,9,'大专',4,NULL),(68,9,'中专',5,NULL),(69,9,'职高',6,NULL),(70,9,'技高',7,NULL),(71,9,'高中',8,NULL),(72,9,'初中',9,NULL),(73,9,'小学',10,NULL),(74,9,'其他',11,NULL),(75,10,'保密',0,NULL),(76,10,'男',1,NULL),(77,10,'女',2,NULL),(78,11,'一星',1,NULL),(79,11,'二星',2,NULL),(80,11,'三星',3,NULL),(81,11,'四星',4,NULL),(82,11,'五星',5,NULL),(83,12,'待启动',1,NULL),(84,12,'招募中',2,NULL),(85,12,'进行中',3,NULL),(86,12,'已结束',4,NULL),(87,13,'全部',0,NULL),(88,13,'实名认证志愿者',1,NULL),(89,13,'指定团体志愿者',2,NULL),(90,13,'免审加入',3,NULL),(91,14,'未审核',0,NULL),(92,14,'审核通过',1,NULL),(93,14,'审核未通过',2,NULL),(94,15,'资讯',0,NULL),(95,15,'公告',1,NULL),(96,15,'活动动态',2,NULL),(97,15,'工作文件',3,NULL),(98,16,'自主报名',1,NULL),(99,16,'配送报名',2,NULL),(100,17,'处理中',0,NULL),(101,17,'已录用',1,NULL),(102,17,'未录用',2,NULL),(106,18,'冻结',2,NULL),(107,18,'正常',1,NULL),(108,11,'零星',0,1),(109,19,'公益团体',1,1),(110,19,'学术团体',2,1),(111,19,'专业团体',3,1),(112,20,'汉族',1,1),(121,3,'扶危济困',1,NULL),(122,3,'敬老助残',2,NULL),(123,3,'社区服务',3,NULL),(124,3,'秩序维护',4,NULL),(125,3,'文体服务',5,NULL),(126,3,'环境保护',6,NULL),(127,3,'治安防范',7,NULL),(128,3,'医疗救治',8,NULL),(129,3,'法律援助',9,NULL),(130,3,'大型活动',10,NULL),(131,3,'心里疏导',11,NULL),(132,3,'精神抚慰',12,NULL),(133,3,'支教支医',13,NULL),(134,3,'科学普及',14,NULL),(135,3,'应急救援',15,NULL),(136,3,'便民服务',16,NULL),(137,3,'民事调解',17,NULL),(138,3,'文明引导',18,NULL),(139,3,'安全生产',19,NULL),(140,20,'壮族',8,1),(141,20,'满族',11,1),(142,20,'回族',3,1),(143,20,'维吾尔族',5,1),(144,20,'蒙古族',2,1),(145,20,'藏族',4,1),(146,20,'苗族',6,1),(147,20,'彝族',7,1),(148,20,'布依族 ',9,1),(149,20,'朝鲜族',10,1),(150,20,'侗族',12,1),(151,20,'瑶族',13,1),(152,20,'白族',14,1),(153,20,'土家族',15,1),(154,20,'哈尼族',16,1),(155,20,'哈萨克族',17,1),(156,20,'傣族',18,1),(157,20,'黎族',19,1),(158,20,'僳僳族',20,1),(159,20,'佤族',21,1),(160,20,'畲族',22,1),(161,20,'高山族',23,1),(162,20,'拉祜族',24,1),(163,20,'水族',25,1),(164,20,'东乡族',26,1),(165,20,'纳西族',27,1),(166,20,'景颇族',28,1),(167,20,'柯尔克孜族',29,1),(168,20,'土族',30,1),(169,20,'达斡尔族',31,1),(170,20,'仫佬族',32,1),(171,20,'羌族',33,1),(172,20,'布朗族',34,1),(173,20,'撒拉族',35,1),(174,20,'毛难族',36,1),(175,20,'仡佬族',37,1),(176,20,'锡伯族',38,1),(177,20,'阿昌族',39,1),(178,20,'阿昌族',40,1),(179,20,'塔吉克族',41,1),(180,20,'怒族',42,1),(181,20,'乌孜别克族',43,1),(182,20,'俄罗斯族',44,1),(183,20,'鄂温克族',45,1),(184,20,'崩龙族',46,1),(185,20,'保安族',47,1),(186,20,'裕固族',48,1),(187,20,'京族',49,1),(188,20,'塔塔尔族',50,1),(189,20,'独龙族',51,1),(190,20,'鄂伦春族',52,1),(191,20,'赫哲族',53,1),(192,20,'门巴族',54,1),(193,20,'珞巴族',55,1),(194,20,'基诺族',56,1),(195,20,'其他',57,1),(196,20,'外国血统',58,1),(197,17,'已评价',3,1);

#
# Structure for table "vol_common_user"
#

CREATE TABLE `vol_common_user` (
  `commonUserId` int(11) NOT NULL AUTO_INCREMENT COMMENT '公共用户ID',
  `commonUserCode` varchar(128) DEFAULT NULL COMMENT '公共用户账号',
  `commonUserPwd` varchar(128) DEFAULT NULL COMMENT '公共用户密码',
  `commonUserNickname` varchar(100) DEFAULT NULL COMMENT '公共用户昵称',
  `commonUserPortrait` varchar(200) DEFAULT NULL COMMENT '公共用户头像',
  `commonUserPhone` varchar(13) DEFAULT NULL COMMENT '公共用户手机号',
  `commonUserEmail` varchar(50) DEFAULT NULL COMMENT '公共用户邮箱',
  `onlySign` varchar(128) DEFAULT NULL COMMENT '用户统一标识',
  PRIMARY KEY (`commonUserId`)
) ENGINE=InnoDB DEFAULT CHARSET=utf8 COMMENT='系统公共用户表';

#
# Data for table "vol_common_user"
#


#
# Structure for table "vol_data_type"
#

CREATE TABLE `vol_data_type` (
  `typeId` int(11) NOT NULL AUTO_INCREMENT COMMENT '类型ID',
  `typeName` varchar(100) DEFAULT NULL COMMENT '类型名称',
  `remark` varchar(100) DEFAULT NULL COMMENT '备注',
  `status` int(11) DEFAULT NULL COMMENT '状态',
  PRIMARY KEY (`typeId`)
) ENGINE=InnoDB AUTO_INCREMENT=21 DEFAULT CHARSET=utf8 COMMENT='基础数据类型表';

#
# Data for table "vol_data_type"
#

INSERT INTO `vol_data_type` VALUES (1,'志愿服务协议',NULL,1),(2,'服务类型',NULL,1),(3,'项目类型',NULL,0),(4,'政治面貌',NULL,1),(5,'服务对象',NULL,1),(6,'证件类型',NULL,1),(7,'从业情况',NULL,1),(8,'注册类型',NULL,1),(9,'学历',NULL,1),(10,'性别',NULL,1),(11,'星级',NULL,1),(12,'项目状态',NULL,1),(13,'报名范围',NULL,1),(14,'审核状态',NULL,1),(15,'信息类型',NULL,1),(16,'报名类型',NULL,1),(17,'报名状态',NULL,1),(18,'账号状态','未启用',1),(19,'团体类型',NULL,1),(20,'民族',NULL,0);

#
# Structure for table "vol_elegant_demeanour"
#

CREATE TABLE `vol_elegant_demeanour` (
  `elegantId` int(11) NOT NULL AUTO_INCREMENT COMMENT '风采ID',
  `elegantTitle` varchar(50) DEFAULT NULL COMMENT '标题',
  `type` int(11) DEFAULT NULL COMMENT '1:个人风采；2：团体风采',
  `picture` varchar(200) DEFAULT NULL COMMENT '图片',
  `detail` longtext COMMENT '项目详细',
  `auditor` int(11) DEFAULT NULL COMMENT '审核人，本场馆机构用户可以审核',
  `auditTypeId` int(11) DEFAULT NULL COMMENT '状态：0：下架，1：上架，2：逻辑删除',
  `auditDate` datetime DEFAULT NULL COMMENT '审核日期',
  `creatorId` int(11) DEFAULT NULL COMMENT '创建者Id',
  `createDate` datetime DEFAULT NULL COMMENT '创建日期',
  `updateDate` datetime DEFAULT NULL COMMENT '更新日期',
  `read_nums` int(11) DEFAULT NULL COMMENT '阅读人数',
  `share_nums` int(11) DEFAULT NULL COMMENT '分享数',
  PRIMARY KEY (`elegantId`)
) ENGINE=InnoDB AUTO_INCREMENT=146 DEFAULT CHARSET=utf8 COMMENT='志愿者风采表';

#
# Data for table "vol_elegant_demeanour"
#

INSERT INTO `vol_elegant_demeanour` VALUES (127,'建党日主题活动 鱼跃龙腾文化公益志愿者进社区',2,'http://jlpt.img-cn-hangzhou.aliyuncs.com/volunteer/ueditor/image/2016/07/011467353540511033148.png','<p>　<strong>内容提要：</strong>“七・一”前夕，鱼跃龙腾文化公益志愿者团队一行10人，来到全国模范社区――南开区长华里文明社区，参加庆祝建党95周年表彰大会暨庆“七・一”文艺演出活动。</p><p><img src=\"http://jlpt.img-cn-hangzhou.aliyuncs.com/volunteer/ueditor/image/2016/07/011467353540511033148.png\" title=\"\" alt=\"blob.png\"/></p><p><span>刘秀梅代表党员讲话</span></p><p><img src=\"http://jlpt.img-cn-hangzhou.aliyuncs.com/volunteer/ueditor/image/2016/07/011467353594582077206.png\" title=\"\" alt=\"blob.png\"/><span>京东大鼓《白雪红心》</span></p><p>&nbsp; &nbsp;单弦表演艺术家、南开区政协常委刘秀梅，天津广播电视台宋东导演，天津京剧院马派老生演员、天津广播电视台嘉宾主持人魏以刚，董湘昆弟子魏振江，曲艺演奏家王吉仲、李世君，南开区美术家协会秘书长张斌、副秘书长胥勇，以及摄影师卫瑞林、阎永利一到长华里，就被社区整洁的环境、居民的热情所感动，在会议室的墙上挂满了社区书画院的成员们为“七・一”党的生日献礼所创作的书画作品，每幅作品都经过细致构思，水平还很高。</p><p><img src=\"http://jlpt.img-cn-hangzhou.aliyuncs.com/volunteer/ueditor/image/2016/07/011467353670726051748.png\" title=\"\" alt=\"blob.png\"/></p><p><img src=\"http://jlpt.img-cn-hangzhou.aliyuncs.com/volunteer/ueditor/image/2016/07/011467353689338054057.png\" title=\"\" alt=\"blob.png\"/></p><p>&nbsp; &nbsp; 全体党员重温入党誓词，庄严而神圣。特别是与三位60年以上党龄的老党员一起重温入党誓词，让在座的各位党员同志心情格外激动。刘秀梅代表公益团队的党员同志们发言：“作为一名党员，今天来到长华里和社区的党员同志们一起庆祝建党95周年，过了一个特别有意义的主题党日活动。”</p><p>　　在庆“七・一”文艺演出中，长华里居民表演的舞蹈、朗诵、模特走秀、评剧、快板等节目个个精彩，大部分都是居民自己创作排演的，让现场的艺术家们深受鼓舞，走基层带来新感受，高手在民间啊！他们纷纷表示，今天的收获太大了。刘秀梅说：“我是鱼跃龙腾文化公益志愿者的一员，咱们长华里的居民有愿意学单弦的，我义务来教。”全场居民为刘秀梅老师真挚的话语所感动，报以热烈的掌声，马上就有一位居民过来咨询自己的嗓音条件可否学习。在观众热烈的掌声中，刘秀梅为大家演唱岔曲《灵山十万载》和《赞风》。</p><p><img src=\"http://jlpt.img-cn-hangzhou.aliyuncs.com/volunteer/ueditor/image/2016/07/011467353718496013481.png\" title=\"\" alt=\"blob.png\"/></p><p><img src=\"http://jlpt.img-cn-hangzhou.aliyuncs.com/volunteer/ueditor/image/2016/07/011467353731382026797.png\" title=\"\" alt=\"blob.png\"/></p><p><img src=\"http://jlpt.img-cn-hangzhou.aliyuncs.com/volunteer/ueditor/image/2016/07/011467353745064069359.png\" title=\"\" alt=\"blob.png\"/></p><p><span>文艺节目</span></p><p>&nbsp; &nbsp;鱼跃龙腾文化公益志愿者团队的演员魏振江，是京东大鼓表演艺术家董湘昆先生的亲传弟子，这次主题党日活动他积极报名说：“虽然我不是党员，但我要演唱《白雪红心》，赞颂我们党员的模范焦裕禄同志。”担任伴奏的王吉仲和李世君二位老师家住北辰区，离长华里很远，一大早从天津市的北边赶到市区的西南边，但他们毫无怨言，甘当绿叶，还有卫瑞林、阎永利二位摄影师，也是如此，一张张精美的照片中没有他们的身影，他们在用心记录着大家对党的无限深情，把活动中最精彩的瞬间抓拍在手。</p><p><img src=\"http://jlpt.img-cn-hangzhou.aliyuncs.com/volunteer/ueditor/image/2016/07/011467353800960003858.png\" title=\"\" alt=\"blob.png\"/></p><p><span>书画作品</span></p><p>　 &nbsp;南开美协副秘书长、书法家胥勇代表公益团队送上书法作品，表达了全体参加主题党日活动的团队成员的心声。</p>',NULL,1,NULL,1,'2016-07-01 14:17:11','2016-07-01 14:21:07',4,0),(128,'“点滴志愿，感动常在”风采展',2,'http://tw.dgut.edu.cn/uploads/userup/20/145c512X-1355.jpg','<p>3月31号，由学校志愿服务中心承办的志愿风采展活动于学生公寓广场开展。本次活动以“点滴志愿，感动常在”为主题，联系了12个院系的志愿站以及4支志愿服务队，展开志愿服务成果展示及互动交流的活动。</p><p>　　这次活动分为三部分，即成果展示、游戏互动和小型晚会。早上7点，工作人员便开始搬桌椅和帐篷，之后各个摊位的负责人逐渐布置各自摊位，每个摊位的布置都各具特色以展示独特的摊位形象。中午12点，现场渐渐热闹起来，有停驻摊位前浏览志愿照片的，也有结伴互串各个游戏以赚足积分领奖品的……工作人员也积极解说及加强互动。晚上7点半，晚会开始，手语、弹唱、魔术、bigbang的舞蹈等表演时不时赢来观众的掌声。9点半，活动结束，工作人员紧接着便搬回物资及清理现场。</p><p>　　这次的志愿风采展活动给同学们提供了一个了解志愿者，体会志愿服务的平台，促使同学们激发了履行志愿的兴趣及树立了良好的志愿精神。</p><p><a target=\"_blank\" href=\"http://tw.dgut.edu.cn/uploads/userup/20/145c512X-1355.jpg\"><img alt=\"\" width=\"580\" height=\"386\" src=\"http://tw.dgut.edu.cn/uploads/userup/20/145c512X-1355.jpg\"/></a></p><p>志愿者合照</p><p><a target=\"_blank\" href=\"http://tw.dgut.edu.cn/uploads/userup/20/145c51340-9216.jpg\"><img alt=\"\" width=\"580\" height=\"386\" src=\"http://tw.dgut.edu.cn/uploads/userup/20/145c51340-9216.jpg\"/></a></p><p>同学们参与游戏</p>',NULL,1,NULL,1,'2016-07-01 14:27:10','2016-07-01 14:29:00',3,0),(129,'剑阁县青年志愿者助力剑门蜀道三国文化旅游节',2,'http://jlpt.img-cn-hangzhou.aliyuncs.com/volunteer/ueditor/image/2016/07/011467354449200013436.png','<p><img src=\"http://jlpt.img-cn-hangzhou.aliyuncs.com/volunteer/ueditor/image/2016/07/011467354449200013436.png\" title=\"\" alt=\"blob.png\"/></p><p>&nbsp; &nbsp; 中国网讯：6月27日，以“弘扬蜀道文化，发展全域旅游”为主题的的第六届剑门蜀道三国文化旅游节在万众期待中隆重开幕。本次盛会中，共青团剑阁县委组织选拔了18名青年志愿者助力剑门蜀道三国文化旅游节，分别在唱响剑门关新歌专辑发布会现场各个入口、开幕式现场、绝壁道、仙云客栈、关楼、剑门关古镇、翠云廊景区等地设立青年志愿服务点，本次志愿活动共计服务嘉宾游客20000余人次。</p><p><img src=\"http://jlpt.img-cn-hangzhou.aliyuncs.com/volunteer/ueditor/image/2016/07/011467354472648087811.png\" title=\"\" alt=\"blob.png\"/></p><p>&nbsp; &nbsp;为确保本次盛会的顺利举办，青年志愿者放弃了休息时间，全身心的投入到本次志愿服务活动中，从礼仪、语言，到服务意识，处处高标准严格要求自己，在最短时间内调整状态达到志愿服务工作的各项要求。他们头戴小红帽，身穿印有“剑阁青年”字样的橙色T恤穿梭在来来往往的人群中，有的为嘉宾<a>游客</a>提供咨询引导、有的为嘉宾游客分发饮用水、纸巾、防暑药品等，他们始终将微笑挂在脸上，&quot;您好，欢迎您，二楼A区请往这边走&quot;，一句句简单却温馨的提醒语，每个人需要说上百次，他们的热心与耐心充分展现了剑阁青年大方得体的精神面貌，传达了剑阁人民热情好客的朴素民风。</p><p><img src=\"http://jlpt.img-cn-hangzhou.aliyuncs.com/volunteer/ueditor/image/2016/07/011467354504379057572.png\" title=\"\" alt=\"blob.png\"/></p><p>&nbsp; &nbsp; &nbsp;第六届剑门蜀道三国文化旅游节正在如火如荼进行，全体青年志愿者倾情服务嘉宾和游客，充分发扬“奉献、友爱、互助、进步”的志愿者精神，以饱满的工作热情、认真负责的工作态度投入到了全方位服务本届文化旅游节的各项工作之中，他们不怕苦、不叫累，积极主动，用热情、大方、细心、周到的服务赢得了与会领导与嘉宾的高度赞扬，纷纷为青年志愿者伸出大拇指，点了一个大大的赞。</p>',NULL,1,NULL,1,'2016-07-01 14:29:26',NULL,0,0),(130,'我院各班志愿分队长会议顺利举行',2,'http://tw.dgut.edu.cn/uploads/userup/6/141TF251-Ca.jpg','<p>&nbsp;2014年12月11日，化学与环境工程学院志愿服务站在莞城校区召开了一个简单的志愿分队长会议。这次会议主要是工作安排和学期总结，并就工作的开展情况进行交流。</p><p>&nbsp;&nbsp;&nbsp;&nbsp;&nbsp;&nbsp; 会议从下午4点开始，各班志愿分队长准时到达现场。在进行简单的自我介绍之后，我院团总支志愿站主任钟佳甫总结了本学期的工作，以及表达了下学期的工作展望。各分队长都认真听讲，并做好相关记录。接下来是一个比较轻松的讨论环节，各班分队长交流本学期工作的心得感悟。其中有位志愿分队长感到策划一个活动并不容易，会遇到很多困难，但是与同学们一起讨论、合作、解决问题，会让我们收获更多。对于分队长反映的问题，志愿站主任钟佳甫也一一分析并提出建议，同时也对各位志愿分队长的工作表示肯定，鼓励其继续努力。</p><p>本次会议不仅让化环志愿站更好地了解班级的志愿活动动向，更好地为广大学子服务，而且促进了志愿分队长们的交流。</p><p><a target=\"_blank\" href=\"http://tw.dgut.edu.cn/uploads/userup/6/141TF251-Ca.jpg\"><img alt=\"\" width=\"600\" height=\"357\" src=\"http://tw.dgut.edu.cn/uploads/userup/6/141TF251-Ca.jpg\"/></a></p><p>会议现场</p><p><br/></p>',NULL,1,NULL,1,'2016-07-01 14:29:45','2016-07-01 14:29:47',1,0),(131,'社区涂鸦，点亮家园',2,'http://tw.dgut.edu.cn/uploads/userup/9/14163Y101-HK.jpg','<p>11月17日上午9点，东莞理工学院文学院志愿服务站，开展了柏洲边社区的七彩家园社区涂鸦活动，此次活动有10名志愿者参与。</p><p>&nbsp;</p><p>&nbsp;&nbsp;&nbsp;&nbsp;&nbsp; 在活动开展前，社工负责人为学生准备了涂鸦的各种工具，以及许多张小朋友们画的可爱的画。待负责人交代完各项事项，学生便首先选择要涂鸦的画，划分墙面的分工，在把画图、上色、写字等工作合理分工后，活动正式开始。</p><p>&nbsp;</p><p>&nbsp;&nbsp;&nbsp;&nbsp;&nbsp; 在涂鸦现场，除了用心把小朋友对社区美好家园愿望绘在墙上以及认真把社会主义核心价值观写在墙上的志愿者外，还有路过的居民，大人们在这儿驻足观望，孩子们在这儿聚集欢笑。墙面涂鸦需要协作，绘画有主题，调色有讨论，上色有区分……每一笔都是成员们的细心、每一色都是梦想绽放的努力，每一刻都是美好社区的憧憬……随着时间流逝，墙面也慢慢地从白色变成了五彩缤纷的图画，让人眼前一亮，并不由自主为它停留。</p><p>&nbsp;</p><p>&nbsp;&nbsp;&nbsp;&nbsp;&nbsp; 活动后学生表示会在摸索中不断总结经验，奉献社区，富有童心，建设社区。七彩家园涂鸦活动旨在美化社区，让每一位居民都能感受到家园的美丽，并为这个家园的美好未来去努力。</p><p>&nbsp;</p><p><a target=\"_blank\" href=\"http://tw.dgut.edu.cn/uploads/userup/9/14163Y101-HK.jpg\"><img alt=\"\" width=\"600\" height=\"400\" src=\"http://tw.dgut.edu.cn/uploads/userup/9/14163Y101-HK.jpg\"/></a>&nbsp;</p><p>&nbsp;</p><p>志愿者合影</p><p>&nbsp;</p><p><a target=\"_blank\" href=\"http://tw.dgut.edu.cn/uploads/userup/9/14163Y119-9148.jpg\"><img alt=\"\" width=\"600\" height=\"400\" src=\"http://tw.dgut.edu.cn/uploads/userup/9/14163Y119-9148.jpg\"/></a>&nbsp;</p><p>&nbsp;</p><p>社区涂鸦进行中</p><p>&nbsp;</p><p><a target=\"_blank\" href=\"http://tw.dgut.edu.cn/uploads/userup/9/14163Y135-1914.jpg\"><img alt=\"\" width=\"600\" height=\"400\" src=\"http://tw.dgut.edu.cn/uploads/userup/9/14163Y135-1914.jpg\"/></a></p><p>社区涂鸦点亮家园</p><p><br/></p>',NULL,1,NULL,1,'2016-07-01 14:30:23','2016-07-01 15:52:49',3,0),(132,'【文学院】予人书籍，手有余香',2,'http://tw.dgut.edu.cn/uploads/userup/9/14163W410-L18.jpg','<p>&nbsp;11月17日，予人书籍，手有余香，广电一班的志愿者们举行了本班的志愿活动――捐书，换书，美化书籍，以书换书。</p><p>&nbsp;</p><p>&nbsp;&nbsp;&nbsp;&nbsp;&nbsp; 17日上午10点半，广电1班的志愿者们从学校步行去到育苗幼儿园。本次志愿活动由广电一班的志愿者们与育苗幼儿园大大班的小朋友们共同参与完成，志愿者们作为小老师交小朋友们包装书本，美化书本。</p><p>&nbsp;</p><p>&nbsp;&nbsp;&nbsp;&nbsp;&nbsp; 活动期间志愿者与小朋友们相处融洽，小老师们耐心地手把手教学，并在活动最后以糖果、可爱的橡皮擦以及笑脸贴纸作为奖励分发给小朋友们，气氛轻松愉悦。</p><p>&nbsp;</p><p>&nbsp;&nbsp;&nbsp;&nbsp;&nbsp; 同日下午，4点至六点半，我班在校内学生第一饭堂门前组织了一场“以书换书”、“捐书”活动。共有12名志愿者参与了此次活动。本次活动是与店铺“希望宝藏”合作。</p><p>&nbsp;</p><p>&nbsp;&nbsp;&nbsp;&nbsp;&nbsp; 提供交换的书籍有中文版、英文版以及法文版等中外文学。活动期间有不少的同学来到摊前积极了解活动并且热心的参与其中。在这个冷风呼啸的傍晚，志愿者们的坚守换来了收获，共换书12本，捐书5本，购买1本。</p><p>&nbsp;</p><p>&nbsp;&nbsp;&nbsp;&nbsp;&nbsp; “人的生命价值不在于数量，而在于质量。我们只是一群有想法有信仰的普通人，我只是坚信我的善良有位安放。”参与活动的志愿者周同学如是说。</p><p>&nbsp;</p><p><a target=\"_blank\" href=\"http://tw.dgut.edu.cn/uploads/userup/9/14163W410-L18.jpg\"><img alt=\"\" width=\"600\" height=\"400\" src=\"http://tw.dgut.edu.cn/uploads/userup/9/14163W410-L18.jpg\"/></a>&nbsp;</p><p>&nbsp;</p><p>捐书换书现场</p><p>&nbsp;</p><p><a target=\"_blank\" href=\"http://tw.dgut.edu.cn/uploads/userup/9/14163W430-30F.jpg\"><img alt=\"\" width=\"600\" height=\"403\" src=\"http://tw.dgut.edu.cn/uploads/userup/9/14163W430-30F.jpg\"/></a>&nbsp;</p><p>&nbsp;</p><p>小朋友们与志愿者</p><p>&nbsp;</p><p><a target=\"_blank\" href=\"http://tw.dgut.edu.cn/uploads/userup/9/14163W456-2a0.jpg\"><img alt=\"\" width=\"600\" height=\"400\" src=\"http://tw.dgut.edu.cn/uploads/userup/9/14163W456-2a0.jpg\"/></a></p><p>志愿者们合影</p><p><br/></p>',NULL,1,NULL,1,'2016-07-01 14:30:57','2016-07-01 14:31:27',1,0),(133,'【文学院】健康冬跑，用行动支持北京冬奥会',2,'http://tw.dgut.edu.cn/uploads/userup/9/1416220M2-Y14.jpg','<p>2014年11月16日，13汉语言文学二班志愿小分队来到了松湖烟雨进行主题为：健康冬跑，为北京冬奥会申奥成功喝彩的志愿活动。</p><p>&nbsp;</p><p>&nbsp;&nbsp;&nbsp;&nbsp;&nbsp; 下午三点整，13汉语言文学二班志愿小分队的志愿者们陆续来到了松湖烟雨参加志愿活动。下午三点十五分，活动正式开始。活动第一个项目是关于体育活动与健康生活的基本知识有奖竞答比赛。在比赛中学生们都跃跃欲试，抢答时更是争先抢后。答对问题的学生与其他没有答对问题的同学分享自己的奖品。</p><p>&nbsp;</p><p>&nbsp;&nbsp;&nbsp;&nbsp;&nbsp; 紧接着冬跑活动正式开始。学生们认真地完成此次冬跑活动，一路上欢歌笑语，学生们在跑步的过程中感受到锻炼的乐趣和健康的重要性。</p><p>&nbsp;</p><p>&nbsp;&nbsp;&nbsp;&nbsp;&nbsp; 此次活动旨在庆祝北京冬奥会申奥成功，让学生们积极关注北京冬奥会这一盛事，为中华人民共和国而感到骄傲和自豪；同时，鼓励学生锻炼身体，应对冬日，健康生活；另一方面，劳逸结合，提升学生们的学习质量，让学生们精神饱满地迎接即将到来的期末考试。</p><p>&nbsp;</p><p>&nbsp;&nbsp;&nbsp;&nbsp;&nbsp; 下午五点左右，此次志愿活动圆满结束。</p><p>&nbsp;</p><p><a target=\"_blank\" href=\"http://tw.dgut.edu.cn/uploads/userup/9/1416220M2-Y14.jpg\"><img alt=\"\" width=\"600\" height=\"400\" src=\"http://tw.dgut.edu.cn/uploads/userup/9/1416220M2-Y14.jpg\"/></a>&nbsp;</p><p>&nbsp;</p><p>健康生活冬日奔跑</p><p>&nbsp;</p><p><a target=\"_blank\" href=\"http://tw.dgut.edu.cn/uploads/userup/9/1416220P0-5H8.jpg\"><img alt=\"\" width=\"600\" height=\"400\" src=\"http://tw.dgut.edu.cn/uploads/userup/9/1416220P0-5H8.jpg\"/></a>&nbsp;</p><p>&nbsp;</p><p>全体志愿者合影</p><p>&nbsp;</p><p><a target=\"_blank\" href=\"http://tw.dgut.edu.cn/uploads/userup/9/1416220R2-5b3.jpg\"><img alt=\"\" width=\"600\" height=\"400\" src=\"http://tw.dgut.edu.cn/uploads/userup/9/1416220R2-5b3.jpg\"/></a></p><p>全体志愿者合影</p><p>&nbsp;</p><p><br/></p>',NULL,1,NULL,1,'2016-07-01 14:31:33',NULL,0,0),(134,'“五四”齐欢 志愿同乐',2,'http://tw.dgut.edu.cn/uploads/userup/20/13c2aX5-C43.jpg','<p>5月4日晚，我校在松山湖校区大礼堂举行了东莞理工学院纪念五四运动95周年暨第二届学生莞工之星总结大会。本次总结大会出席代表分别有校领导、团市委书记张永艳老师、校党委办公室、组织部、宣传部、工会、学生工作部等部门负责人、各院系党总支书记（分管学生工作的书记）、各院系团总支书记、获奖代表、全校团员代表等。&nbsp;&nbsp;&nbsp;&nbsp; 由于本次总结大会议程较多，场务工作繁琐，校团委等学生工作部门分别派出部门人作为大会志愿者。志愿者们在大会的前一天，也就是五一假期的时候，根据原计划安排按时来到活动现场，他们利用休息、学习的时间去配合工作人员进行了活动前的彩排和会场布置等工作。&nbsp;&nbsp;&nbsp;&nbsp; 表彰大会当晚，志愿者们准时来到活动现场，他们很快的回到之前彩排的工作岗位。本次总结大会参加的师生人数较多并且以学院为代表安排座位，工作量比较大，但志愿者们还是准时在大会开始之前处理好进场工作。志愿者们主动来到会场各个门口，引导着师生进场就座。会议中，志愿者们始终站在各个出入口的位置，尽心尽力地维持会场秩序，直到大会结束。&nbsp;&nbsp;&nbsp;&nbsp; 在本次大会中，志愿者不仅以学生的身份参加纪念五四运动95周年和第二届学生“莞工之星”活动的总结大会，而且还以无偿奉献的志愿者身份服务着身边的师生。希望志愿精神在五四爱国精神的影响下更加深入同学们的心。&nbsp;<a target=\"_blank\" href=\"http://tw.dgut.edu.cn/uploads/userup/20/13c2aX5-C43.jpg\"><img alt=\"\" width=\"600\" height=\"397\" src=\"http://tw.dgut.edu.cn/uploads/userup/20/13c2aX5-C43.jpg\"/></a>&nbsp;学术之星&nbsp;&nbsp;<a target=\"_blank\" href=\"http://tw.dgut.edu.cn/uploads/userup/20/13c2a913-3G1.jpg\"><img alt=\"\" width=\"600\" height=\"397\" src=\"http://tw.dgut.edu.cn/uploads/userup/20/13c2a913-3G1.jpg\"/></a>&nbsp;文体之星&nbsp;<a target=\"_blank\" href=\"http://tw.dgut.edu.cn/uploads/userup/20/13c2a936-3394.jpg\"><img alt=\"\" width=\"600\" height=\"397\" src=\"http://tw.dgut.edu.cn/uploads/userup/20/13c2a936-3394.jpg\"/></a>&nbsp;志愿之星&nbsp;<a target=\"_blank\" href=\"http://tw.dgut.edu.cn/uploads/userup/20/13c2a958-R34.jpg\"><img alt=\"\" width=\"600\" height=\"397\" src=\"http://tw.dgut.edu.cn/uploads/userup/20/13c2a958-R34.jpg\"/></a>&nbsp;蓝天助残志愿服务队&nbsp;</p>',NULL,1,NULL,1,'2016-07-01 14:32:05','2016-07-01 14:33:40',3,0),(135,'快乐分享 传递志愿',1,'http://tw.dgut.edu.cn/uploads/userup/20/13b402357-45N.jpg','<p>2014年4月24日晚，校志愿服务中心携手十三个院系志愿服务站在松山湖校区7B409课室举行2014年先进志愿服务站评比大会。出席本次会议的分别有校团委专职干部张钢老师、校团委书记助理黎溢潮、志愿服务中心成员以及十三个院系志愿服务站代表。&nbsp;&nbsp; &nbsp; 会议共分为四个流程：首先，主持人为本次会议的主题作相关的介绍，其中包括会议的流程和规则等。接着，各院志愿服务站代表上台演讲，代表们通过PPT和电子相册等，展示本院志愿服务站的志愿风采，包括院站职务架构、本年度内志愿活动的经历和感悟等，引起很多同学的共鸣。演讲结束后，张钢老师为本次会议做全面真切的总结以及展望。最后，会议宣布结束同学合影留念。&nbsp;&nbsp; &nbsp; 通过本次先进志愿服务站评比大会，让我校的志愿活动得到回顾，美好而且难忘。分享志愿快乐，传递志愿精神。&nbsp;<a href=\"http://tw.dgut.edu.cn/uploads/userup/20/13b402357-45N.jpg\" target=\"_blank\"><img src=\"http://tw.dgut.edu.cn/uploads/userup/20/13b402357-45N.jpg\" width=\"600\" height=\"400\" alt=\"\"/></a>&nbsp;院系志愿站风采&nbsp;&nbsp;<a href=\"http://tw.dgut.edu.cn/uploads/userup/20/13b4023U-54P.jpg\" target=\"_blank\"><img src=\"http://tw.dgut.edu.cn/uploads/userup/20/13b4023U-54P.jpg\" width=\"600\" height=\"400\" alt=\"\"/></a>&nbsp;院系志愿站风采&nbsp;<a href=\"http://tw.dgut.edu.cn/uploads/userup/20/13b402405-2T7.jpg\" target=\"_blank\"><img src=\"http://tw.dgut.edu.cn/uploads/userup/20/13b402405-2T7.jpg\" width=\"600\" height=\"400\" alt=\"\"/></a>&nbsp;院系志愿站风采&nbsp;<a href=\"http://tw.dgut.edu.cn/uploads/userup/20/13b402O9-63K.jpg\" target=\"_blank\"><img src=\"http://tw.dgut.edu.cn/uploads/userup/20/13b402O9-63K.jpg\" width=\"600\" height=\"400\" alt=\"\"/></a>&nbsp;院系志愿站风采&nbsp;<a href=\"http://tw.dgut.edu.cn/uploads/userup/20/13b402R8-1614.jpg\" target=\"_blank\"><img src=\"http://tw.dgut.edu.cn/uploads/userup/20/13b402R8-1614.jpg\" width=\"600\" height=\"400\" alt=\"\"/></a>&nbsp;院系志愿站风采&nbsp;&nbsp;<a href=\"http://tw.dgut.edu.cn/uploads/userup/20/13b402425-3W4.jpg\" target=\"_blank\"><img src=\"http://tw.dgut.edu.cn/uploads/userup/20/13b402425-3W4.jpg\" width=\"600\" height=\"400\" alt=\"\"/></a>&nbsp;院系志愿站风采&nbsp;<a href=\"http://tw.dgut.edu.cn/uploads/userup/20/13b402461-15S.jpg\" target=\"_blank\"><img src=\"http://tw.dgut.edu.cn/uploads/userup/20/13b402461-15S.jpg\" width=\"600\" height=\"400\" alt=\"\"/></a>&nbsp;院系志愿站风采&nbsp;<a href=\"http://tw.dgut.edu.cn/uploads/userup/20/13b4024Q-2W9.jpg\" target=\"_blank\"><img src=\"http://tw.dgut.edu.cn/uploads/userup/20/13b4024Q-2W9.jpg\" width=\"600\" height=\"400\" alt=\"\"/></a>&nbsp;院系志愿站风采&nbsp;<a href=\"http://tw.dgut.edu.cn/uploads/userup/20/13b402G8-55I.jpg\" target=\"_blank\"><img src=\"http://tw.dgut.edu.cn/uploads/userup/20/13b402G8-55I.jpg\" width=\"600\" height=\"400\" alt=\"\"/></a>&nbsp;院系志愿站风采&nbsp;&nbsp;<a href=\"http://tw.dgut.edu.cn/uploads/userup/20/13b402K8-3514.jpg\" target=\"_blank\"><img src=\"http://tw.dgut.edu.cn/uploads/userup/20/13b402K8-3514.jpg\" width=\"600\" height=\"400\" alt=\"\"/></a>&nbsp;院系志愿站风采&nbsp;&nbsp;&nbsp;<a href=\"http://tw.dgut.edu.cn/uploads/userup/20/13b402523-5Z9.jpg\" target=\"_blank\"><img src=\"http://tw.dgut.edu.cn/uploads/userup/20/13b402523-5Z9.jpg\" width=\"600\" height=\"400\" alt=\"\"/></a>&nbsp;张钢老师&nbsp;<a href=\"http://tw.dgut.edu.cn/uploads/userup/20/13b4029C-4623.jpg\" target=\"_blank\"><img src=\"http://tw.dgut.edu.cn/uploads/userup/20/13b4029C-4623.jpg\" width=\"600\" height=\"400\" alt=\"\"/></a>&nbsp;校团委书记助理黎溢潮&nbsp;&nbsp;<a href=\"http://tw.dgut.edu.cn/uploads/userup/20/13b402c4-3X6.jpg\" target=\"_blank\"><img src=\"http://tw.dgut.edu.cn/uploads/userup/20/13b402c4-3X6.jpg\" width=\"600\" height=\"400\" alt=\"\"/></a>&nbsp;校志愿服务中心常务副主任谢德龙&nbsp;<a href=\"http://tw.dgut.edu.cn/uploads/userup/20/13b402262-3558.jpg\" target=\"_blank\"><img src=\"http://tw.dgut.edu.cn/uploads/userup/20/13b402262-3558.jpg\" width=\"600\" height=\"400\" alt=\"\"/></a>&nbsp;大合照</p><p><br/></p><p><br/></p>',NULL,1,NULL,1,'2016-07-01 14:33:00',NULL,0,0),(136,'为自己喝彩 为志愿喝彩',1,'http://tw.dgut.edu.cn/uploads/userup/20/13b0914Q-R60.jpg','<p>3月27日-28日，校志愿服务中心联合13个院系志愿服务站在学生公寓广场（以下简称：下沉）举办以“为自己喝彩，为公益喝彩”为主题的志愿服务风采展活动。此次活动主要形式是搬摊位展示志愿工作成果。参与此次活动的还有宏远篮球俱乐部志愿服务队、蓝天助残志愿服务队。当天活动气氛良好，有趣的游戏、精美的小礼品及浓厚的志愿气氛吸引众多学生参与其中。&nbsp;&nbsp;&nbsp;&nbsp; 为使活动顺利进行，志愿者早早来到广场布置帐篷，各院系志愿站精心准备当天的节目。政法学院志愿站用一支支蜡烛摆成心形状为马航祈福；宏远篮球俱乐部志愿服务队有球服大派送抽奖活动；计算机学院志愿站亲手制作小纸灯装着一个个谜语，进行猜谜游戏；文学院志愿站心灵手巧的女孩折出一朵朵不凋谢的玫瑰；外语系志愿站的志愿者准备了飞镖游戏……此外，当天下沉中央摆放着五个展板，展示各院系志愿站的纪念品以及志愿服，路过下沉的同学可以在留言板上写下自己对志愿活动的奇思妙想和自己喜欢做志愿的原因。&nbsp;&nbsp;&nbsp;&nbsp; 本次风采展一直持续到晚上，晚上有幸邀请到手语协会及歌手协会四名歌手表演。嘉宾们的倾情演出以及工商管理志愿站的精彩表演让现场高潮迭起，观众拍掌叫好。晚会后，下沉大屏幕上开始播放各院系的志愿者宣传片。温馨的志愿服务图片定格了每个感人的画面，或诙谐或感性的志愿服务心路历程温暖心窝，一个个用心服务的志愿者用一场场志愿活动诠释着爱的正能量。&nbsp;&nbsp;&nbsp;&nbsp; 雷锋同志曾说：“人的生命是有限的，可是，为人民服务是无限的”。志愿者只愿默默奉献着自己的爱心，志愿活动却需要通过宣传来让大家感受到帮助他人的幸福快乐，号召大家把热情投入到公益事业中去，将爱心献社会，让真情暖人心。&nbsp;<a target=\"_blank\" href=\"http://tw.dgut.edu.cn/uploads/userup/20/13b0914Q-R60.jpg\"><img alt=\"\" width=\"600\" height=\"400\" src=\"http://tw.dgut.edu.cn/uploads/userup/20/13b0914Q-R60.jpg\"/></a>&nbsp;留言板&nbsp;&nbsp;<a target=\"_blank\" href=\"http://tw.dgut.edu.cn/uploads/userup/20/13b091508-YX.jpg\"><img alt=\"\" width=\"600\" height=\"400\" src=\"http://tw.dgut.edu.cn/uploads/userup/20/13b091508-YX.jpg\"/></a>&nbsp;游戏现场&nbsp;&nbsp;<a target=\"_blank\" href=\"http://tw.dgut.edu.cn/uploads/userup/20/13b091525-93F.jpg\"><img alt=\"\" width=\"600\" height=\"400\" src=\"http://tw.dgut.edu.cn/uploads/userup/20/13b091525-93F.jpg\"/></a>&nbsp;祈祷马航&nbsp;&nbsp;<a target=\"_blank\" href=\"http://tw.dgut.edu.cn/uploads/userup/20/13b091557-6406.jpg\"><img alt=\"\" width=\"600\" height=\"400\" src=\"http://tw.dgut.edu.cn/uploads/userup/20/13b091557-6406.jpg\"/></a>&nbsp;晚上风采展现场&nbsp;&nbsp;<a target=\"_blank\" href=\"http://tw.dgut.edu.cn/uploads/userup/20/13b0915T-4323.jpg\"><img alt=\"\" width=\"600\" height=\"400\" src=\"http://tw.dgut.edu.cn/uploads/userup/20/13b0915T-4323.jpg\"/></a>&nbsp;工商管理志愿站精彩表演&nbsp;<a target=\"_blank\" href=\"http://tw.dgut.edu.cn/uploads/userup/20/13b091605-UA.jpg\"><img alt=\"\" width=\"600\" height=\"400\" src=\"http://tw.dgut.edu.cn/uploads/userup/20/13b091605-UA.jpg\"/></a>&nbsp;手语协会</p>',NULL,1,NULL,1,'2016-07-01 14:33:59','2016-07-01 14:35:42',1,0),(137,'【工商管理学院】志愿风采 精彩纷呈',1,'http://tw.dgut.edu.cn/uploads/userup/7/1395b0I7-1101.jpg','<p>&nbsp;为在校内宣传更多的志愿知识，展示各志愿服务分队的活动风采，东莞理工学院“为自己喝彩，为公益喝彩”的志愿服务风采活动于3月27日至28日在松山湖校区学生公寓广场隆重举行。</p><p>&nbsp;</p><p>&nbsp;&nbsp;&nbsp;&nbsp;&nbsp; 参加本次风采展示的有校志愿服务中心、宏远篮球分队以及13个院系的志愿服务站。各志愿服务分队在学生公寓广场进行摆摊，并在摊位中将以往组织和参与的志愿活动通过照片墙的形式展现给大家。活动开展前，各志愿服务分队在微信等媒介宣传本次活动，包括集赞抽奖和集赞送礼品。活动现场，同学们到各服务分队的摊位参观，了解各类志愿活动并参与各分队准备的游戏，在挑战成功后获得抽奖的机会和奖品。</p><p>&nbsp;</p><p>&nbsp;&nbsp;&nbsp;&nbsp;&nbsp; 本次志愿风采展还特别邀请了学校的手语协会和歌手协会助阵小型晚会现场，用手语和歌曲表演活跃现场气氛。值得一提的是，工商管理学院志愿服务站的干事们自己准备了舞蹈表演。干事们身穿舞服为大家带来欢快的舞蹈，精彩的表演获得现场观众的掌声和欢呼声。此外，该院的影片展示将各项志愿活动的具体过程及团队内部建设呈现在观众眼前，让大家感受到了管院干事良好的精神风貌和团队的凝聚力。</p><p>&nbsp;</p><p>&nbsp;&nbsp;&nbsp;&nbsp;&nbsp; 学校和各院系的领导都到活动现场感受本次风采展的浓厚氛围，并到各志愿服务分队的摊位进行了解。相信在风采展示结束后，各志愿服务分队的活动会更加全面，更加精彩。</p><p>&nbsp;</p><p><a target=\"_blank\" href=\"http://tw.dgut.edu.cn/uploads/userup/7/1395b0I7-1101.jpg\"><img alt=\"\" width=\"600\" height=\"401\" src=\"http://tw.dgut.edu.cn/uploads/userup/7/1395b0I7-1101.jpg\"/></a></p><p>&nbsp;</p><p>志愿服务分队</p><p>&nbsp;</p><p><a target=\"_blank\" href=\"http://tw.dgut.edu.cn/uploads/userup/7/1395b0K9-Y30.jpg\"><img alt=\"\" width=\"600\" height=\"401\" src=\"http://tw.dgut.edu.cn/uploads/userup/7/1395b0K9-Y30.jpg\"/></a></p><p>&nbsp;</p><p>工商管理学院</p><p>&nbsp;</p><p><a target=\"_blank\" href=\"http://tw.dgut.edu.cn/uploads/userup/7/1395b0M7-4A5.jpg\"><img alt=\"\" width=\"600\" height=\"498\" src=\"http://tw.dgut.edu.cn/uploads/userup/7/1395b0M7-4A5.jpg\"/></a></p><p>&nbsp;</p><p>同学们参与活动过程&nbsp;</p><p><br/></p>',NULL,1,NULL,1,'2016-07-01 14:34:57',NULL,0,0),(138,'【蓝天助残】汇聚一堂 齐展公益魅力风采',1,'http://tw.dgut.edu.cn/uploads/userup/20/13V334N3-RP.jpg','<p>12月4日，第三届志愿服务广州交流会（以下简称:广交会）在广州保利世贸博览馆展开。东莞理工学院蓝天助残志愿服务队(以下简称：蓝天)的四位队员代表蓝天参加了本次展会。&nbsp;</p><p>蓝天的这次参展主题为“守护蓝天，守护爱”，蓝天的展区位于相对靠后的位置。展会一开始就陆陆续续有热心公益的人前来询问关于蓝天的各种事项，或是与队员们交流分享志愿服务的经验与心得。队员们为了在展会中能够收获更多，他们带着宣传资料轮流走出展位，主动去到各种展位交换宣传资料和名片。通过与其他公益组织的交流，队员们见识到各种各样的志愿服务项目和活动形式，让队员们受益匪浅。</p><p>&nbsp;</p><p>展会还开设了综合舞台区、公益格仔铺等各种互动区域，参会人员与展会人员都十分活跃的参与互动。各组织为了宣传自己的展区各出奇招，整个会场热闹非凡，充满了正能量。</p><p>&nbsp;</p><p>这次是蓝天的第一次参展，队员们收获颇多。如蓝天现副队长蔡顺锋所说：“通过广交会，我们看到蓝天的很多不足，得到许多宝贵经验和建议。我相信，有了这些，蓝天一定会成长得更快。”</p><p>&nbsp;</p><p><a href=\"http://tw.dgut.edu.cn/uploads/userup/20/13V334N3-RP.jpg\" target=\"_blank\"><img src=\"http://tw.dgut.edu.cn/uploads/userup/20/13V334N3-RP.jpg\" width=\"600\" height=\"400\" alt=\"\"/></a>&nbsp;公益格仔铺处人山人海&nbsp;&nbsp;<a href=\"http://tw.dgut.edu.cn/uploads/userup/20/13V334U1-3U5.jpg\" target=\"_blank\"><img src=\"http://tw.dgut.edu.cn/uploads/userup/20/13V334U1-3U5.jpg\" width=\"600\" height=\"400\" alt=\"\"/></a>&nbsp;签名爱心接力</p><p></p><p><br/></p>',NULL,1,NULL,1,'2016-07-01 14:35:20',NULL,0,0),(139,'【工商管理学院】工商管理学院志愿服务活动登上南方都市报',1,'http://tw.dgut.edu.cn/uploads/userup/7/1364cW18-IP.jpg','<p>从上学期至今，工商管理学院曾爱婷等同学积极联系东莞东城童心园自闭症训练中心，并热心参与中心的志愿服务活动。4月2日，于东城星河传说广场举行的第六届国际世界自闭症日公益演出活动，工商管理学院亦参与其中。工商管理学院积极主动参与志愿服务的举动引起南方都市报的关注，并于4月2日刊登在南方都是报当中。以下图为部分原文截图。</p><p>&nbsp;</p><p><a target=\"_blank\" href=\"http://tw.dgut.edu.cn/uploads/userup/7/1364cW18-IP.jpg\"><img alt=\"\" width=\"583\" height=\"600\" src=\"http://tw.dgut.edu.cn/uploads/userup/7/1364cW18-IP.jpg\"/></a></p><p><br/></p>',NULL,1,NULL,1,'2016-07-01 14:36:12',NULL,0,0),(140,'理解志愿，更好服务',1,'http://tw.dgut.edu.cn/uploads/userup/20/1354012403-BM.JPG','<p>2012年11月24日，为加强注册志愿者对“志愿”的认识，提升服务技能，提高服务质量，增强校志愿服务中心以及各个院系志愿站间的联系，校志愿服务中心（以下简称“中心”）在莞城校区1409多媒体教室进行“志愿学堂”之通识技能培训暨手语培训。中心成员及13个院系志愿站的成员参加了培训。</p><p>上午9：00，通识技能培训在一段志愿者风采视频的播放中开始。志愿者认真观看并迅速投入到培训中。为志愿者展示中心及各院系志愿站风采后，中心常务副主任梁振升对志愿者进行通识技能培训。梁振升生动的讲解不时让志愿者发出阵阵笑声。在思想交流环节中，志愿者们针对“谈谈你对志愿服务的理解或者作为一名志愿者的感受”的主题踊跃发言，并达到很好的交流效果。</p><p>下午2:30，手语培训正式开始。学生社团手语协会会员应邀给各位志愿者进行志愿者之歌――《青春飞扬》的手语教学。志愿者通过视频学唱歌曲，并在手语协会会员的指导下学习歌词手语。在“打手语猜歌词”游戏中，志愿者们巩固了手语知识，并结束了手语培训。</p><p>希望志愿者通过此次培训后有所收获，理解志愿，更好服务。</p><p><br/></p><p><br/></p><p>&nbsp;<a href=\"http://tw.dgut.edu.cn/uploads/userup/20/1354012403-BM.JPG\" target=\"_blank\"><img src=\"http://tw.dgut.edu.cn/uploads/userup/20/1354012403-BM.JPG\" width=\"600\" height=\"439\" alt=\"\"/></a>&nbsp;</p><p>中心常务副主任梁振升为志愿者做通识培训</p><p>&nbsp;</p><p><a href=\"http://tw.dgut.edu.cn/uploads/userup/20/1354012506-VA.JPG\" target=\"_blank\"><img src=\"http://tw.dgut.edu.cn/uploads/userup/20/1354012506-VA.JPG\" width=\"600\" height=\"450\" alt=\"\"/></a>&nbsp;</p><p>志愿者宣誓</p><p>&nbsp;</p><p><a href=\"http://tw.dgut.edu.cn/uploads/userup/20/1354012531-2957.JPG\" target=\"_blank\"><img src=\"http://tw.dgut.edu.cn/uploads/userup/20/1354012531-2957.JPG\" width=\"600\" height=\"395\" alt=\"\"/></a>&nbsp;</p><p>志愿者做思想交流</p><p>&nbsp;</p><p><a href=\"http://tw.dgut.edu.cn/uploads/userup/20/1354012554-35P.JPG\" target=\"_blank\"><img src=\"http://tw.dgut.edu.cn/uploads/userup/20/1354012554-35P.JPG\" width=\"600\" height=\"450\" alt=\"\"/></a>&nbsp;</p><p>志愿者分享服务心得与感想</p><p>&nbsp;</p><p><a href=\"http://tw.dgut.edu.cn/uploads/userup/20/13540125O-5C0.JPG\" target=\"_blank\"><img src=\"http://tw.dgut.edu.cn/uploads/userup/20/13540125O-5C0.JPG\" width=\"600\" height=\"450\" alt=\"\"/></a></p><p>学生社团手语协会应邀为志愿者做手语培训</p><p><br/></p>',NULL,1,NULL,1,'2016-07-01 14:36:46',NULL,0,0),(141,'秉承志愿 认真服务',1,'http://tw.dgut.edu.cn/uploads/userup/20/13521303K-A21.JPG','<p>&nbsp;2012年11月4日晚，宏远篮球俱乐部志愿服务队在6D403课室举行新成员见面会。上届队长陈健锋、上届队员黎俏璇等应邀出席见面会。</p><p>&nbsp;</p><p>&nbsp;&nbsp;&nbsp; 见面会伊始，副队长孙若钿针对服务队的建设、结构、成员组成等情况对新成员做出介绍。而后，队长方永超为新成员作详细的讲解，并对出队要求、注意事项等做出说明。“我们是志愿者，我们的出队是为了提供志愿服务。谨记自己作为宏远志愿者的身份，认真做好自己职责。”他如是说。相信这不仅是他对队员的提醒，也是他对自己的要求。</p><p>&nbsp;</p><p>&nbsp;&nbsp;&nbsp; 随后，上届队长陈健锋发表嘉宾讲话，再次强调了志愿者形象等注意事项。队员黎俏璇也做了服务经验交流与心得分享。见面会的最后，第五届宏远篮球俱乐部志愿服务队全体成员进行志愿者宣誓并签下协议书，正式成为服务队的一份子。</p><p>&nbsp;</p><p>&nbsp;&nbsp;&nbsp; 有了新的成员与熊熊热情，相信宏远篮球俱乐部志愿服务队会为新赛季带来更精彩的志愿服务。</p><p>&nbsp;</p><p><a target=\"_blank\" href=\"http://tw.dgut.edu.cn/uploads/userup/20/13521303K-A21.JPG\"><img height=\"400\" alt=\"\" width=\"600\" src=\"http://tw.dgut.edu.cn/uploads/userup/20/13521303K-A21.JPG\"/></a>&nbsp;</p><p>服务队队长为新成员做详细介绍</p><p><a target=\"_blank\" href=\"http://tw.dgut.edu.cn/uploads/userup/20/1352130402-5F4.JPG\"><img height=\"400\" alt=\"\" width=\"600\" src=\"http://tw.dgut.edu.cn/uploads/userup/20/1352130402-5F4.JPG\"/></a></p><p>&nbsp;</p><p>上届队长作经验交流</p><p>&nbsp;</p><p><a target=\"_blank\" href=\"http://tw.dgut.edu.cn/uploads/userup/20/1352130429-9240.JPG\"><img height=\"400\" alt=\"\" width=\"600\" src=\"http://tw.dgut.edu.cn/uploads/userup/20/1352130429-9240.JPG\"/></a></p><p>全体成员进行志愿者宣誓</p>',NULL,1,NULL,1,'2016-07-01 14:37:24',NULL,0,0),(142,'平凡的岗位能够做出不平凡的贡献',1,'http://tw.dgut.edu.cn/uploads/userup/20/1351JB63-E19.jpg','<p>2012年10月29日，2012・世界莞商大会志愿者表彰分享会在东莞职业技术学院大学生活动中心多媒体报告厅顺利举行。</p><p>世界莞商大会志愿者部领导、团市委领导、四大高校团委书记出席了大会，莞商大会志愿者代表参加了分享会。</p><p>回顾刚刚过去的2012世界莞商大会志愿服务工作短片后，团市委宣传部副部长、市志愿者协会秘书长甄祯同志对本次莞商大会志愿服务工作做总结发言，并对莞商志愿者给予肯定。随后，优秀志愿者代表向与会人员分享经验心得。</p><p>本次2012世界莞商大会，我校同学积极响应参与志愿服务，我校志愿者占全体志愿者的3/10，并在本次表彰大会上荣获“组织工作先进集体”称号，我校团委书记黄金和荣获“组织工作先进个人”称号，任校斌等12名同学获得“优秀志愿者”荣誉称号。</p><p>其中任校斌同学作为我校优秀志愿者代表上台分享经验心得。他回顾道，最令他印象深刻的是停车组的志愿服务工作，既没有空调，又没有可作休息的座位，有的只是热情如火的烈日和高倍的紫外线，然而志愿者们都没有半句怨言，一直坚持到最后。“平凡的岗位能够做出不平凡的贡献”，便是他的信条的体现。</p><p>“我们付出真情，我们互助互帮，我们点燃希望，用爱心传送，人间温暖，让光彩的事业地久天长，让青春的风采在岁月里飞扬……”，大会在全体奏唱志愿者之歌《青春飞扬》的歌声中画上圆满的句号。 &nbsp;</p><p>&nbsp;</p><p><a target=\"_blank\" href=\"http://tw.dgut.edu.cn/uploads/userup/20/1351JB63-E19.jpg\"><img alt=\"\" width=\"590\" height=\"393\" src=\"http://tw.dgut.edu.cn/uploads/userup/20/1351JB63-E19.jpg\"/></a>&nbsp;</p><p>优秀志愿者接受表彰</p>',NULL,1,NULL,1,'2016-07-01 14:37:46',NULL,0,0),(143,'【蓝天助残】 爱心传递 蓝天接力',1,'http://tw.dgut.edu.cn/uploads/userup/20/1351601004-4025.JPG','<p>&nbsp;2012年10月28日晚上，蓝天助残志愿服务队在教学楼6D401课室举行新成员见面会。见面会由队长李婷策划，副队长吴秀丽主持。</p><p>新队员完成签到工作后，见面会正式开始。见面会上介绍了蓝天助残志愿服务队的相关情况，并展示了部分活动照片，让新成员对服务队有了具体的概念。个人自我介绍及音乐传球的游戏互动，更是让新成员进一步感受到蓝天助残志愿服务队的独特氛围，产生对服务队的归属感。</p><p>见面会上还对优秀志愿者蒋S鹏，黄静雯，鲁崇敬，邓楚琴，原锦彬等同学颁发了服务证明及奖状。在这样的仪式下，新成员们无不产生羡慕与激励的心情，一种精神与追求悄然传递。随后，原锦彬同学作为优秀志愿者代表分享、交流了服务经验。</p><p>见面会的尾声，由社团手语俱乐部部长叶淑芬及其两位副部长为新成员教授蓝天助残志愿服务队队歌“和你一样”手语，新成员在学习过程中再次感受到服务队独特的氛围。最后，全体成员进行志愿者宣誓仪式并合影留念。</p><p>相信在新成员的加入后，蓝天助残志愿服务队可以更好地传递志愿服务理念，更好地帮助需要爱的特殊儿童。守护蓝天，守护爱，明天还在继续，幸福还在延续。</p><p><a target=\"_blank\" href=\"http://tw.dgut.edu.cn/uploads/userup/20/1351601004-4025.JPG\"><img height=\"400\" alt=\"\" width=\"600\" src=\"http://tw.dgut.edu.cn/uploads/userup/20/1351601004-4025.JPG\"/></a>&nbsp;&nbsp;优秀志愿者&nbsp;&nbsp;<a target=\"_blank\" href=\"http://tw.dgut.edu.cn/uploads/userup/20/1351601034-K02.JPG\"><img height=\"400\" alt=\"\" width=\"600\" src=\"http://tw.dgut.edu.cn/uploads/userup/20/1351601034-K02.JPG\"/></a></p><p>优秀志愿者代表作经验交流&nbsp;</p><p><a target=\"_blank\" href=\"http://tw.dgut.edu.cn/uploads/userup/20/13516010B-U38.JPG\"><img height=\"400\" alt=\"\" width=\"600\" src=\"http://tw.dgut.edu.cn/uploads/userup/20/13516010B-U38.JPG\"/></a></p><p>社团手语俱乐部教授手语&nbsp;</p><p><a target=\"_blank\" href=\"http://tw.dgut.edu.cn/uploads/userup/20/1351601100-c58.JPG\"><img height=\"400\" alt=\"\" width=\"600\" src=\"http://tw.dgut.edu.cn/uploads/userup/20/1351601100-c58.JPG\"/></a></p><p>全体志愿者宣誓</p><p><br/></p>',NULL,1,NULL,1,'2016-07-01 14:38:09',NULL,0,0),(144,'文化志愿者边界行：践行价值观 红歌献给党',1,'http://jlpt.img-cn-hangzhou.aliyuncs.com/volunteer/ueditor/image/2016/07/011467355033548071071.png','<p><img src=\"http://jlpt.img-cn-hangzhou.aliyuncs.com/volunteer/ueditor/image/2016/07/011467355033548071071.png\" title=\"\" alt=\"blob.png\"/></p><p>&nbsp; &nbsp;6月28日清晨，天朗之声文化志愿服务总队“文化志愿者边界行”第四站走进了位于长城脚下、天津地理位置的最北端蓟县黄崖关村，在这里开展了一次弘扬红色文化的志愿服务活动。</p><p>　　作为天津志愿服务网上的一支骨干队伍，天津市天朗之声文化志愿服务总队从2016年6月启动了“文化志愿者边界行”系列志愿服务活动，旨在通过文化志愿者走进天津市周边乡村的活动，弘扬传统文化，丰富当地村民群众的文化生活，从6月16日开始，志愿者们先后走进了位于天津市地理<a href=\"http://news.enorth.com.cn/system/2016/06/16/031021524.shtml\" target=\"_blank\">最东面的滨海新区洒金坨村</a>、<a href=\"http://news.enorth.com.cn/system/2016/06/24/031035959.shtml\" target=\"_blank\">最南端的滨海新区大港窦庄子村</a>以及<a href=\"http://news.enorth.com.cn/system/2016/06/27/031039396.shtml\" target=\"_blank\">最西面的静海区王口镇瞿阝里村</a>，28日，志愿者们来到了蓟县下营镇黄崖关村。据了解，黄崖关村坐落在蓟县下营镇、国家4A级景区黄崖关长城脚下，地处天津最北部，与河北省兴隆交界，由于地理位置特殊，因此村里的学生们需要普及普通话。文化志愿者们把普通话与国学、红色经典结合起来，教授给当地的孩子们，以传承之心，支边助教，弘扬传统。</p><p><img src=\"http://jlpt.img-cn-hangzhou.aliyuncs.com/volunteer/ueditor/image/2016/07/011467355059538025596.png\" title=\"\" alt=\"blob.png\"/>活动开始后，小志愿者王思涵身着“军装”进行诗朗诵，气势雄浑地演绎了诗句优美的《七律・长征》，引起在场同学们的强烈共鸣。“红军不怕远征难,万水千山只等闲……”一曲长征颂歌响彻舞台，一幕长征场景浮现在人们眼前生动感人。在志愿者们的耐心指导下，黄崖关村中心小学的学生们也使用标准的普通话齐声朗诵，兴致激扬，昂首高歌，志愿者们用实际行动践行了社会主义核心价值观。<img src=\"http://jlpt.img-cn-hangzhou.aliyuncs.com/volunteer/ueditor/image/2016/07/011467355077448026821.png\" title=\"\" alt=\"blob.png\"/>　随后，文化志愿者还带领学生们，诵读了多部国学经典包括《唐诗三百首》、《三字经》、《弟子规》等，孩子们也用生动的表演，传递了《弟子规》中所表达的尊师重道、孝老爱亲传统美德。这种有趣的互动形式，让孩子们接受中华优秀国学文化的熏陶，感悟做人道理，锻造人格、塑造品德，在今后的人生中演绎充满希望的“中国梦”。<img src=\"http://jlpt.img-cn-hangzhou.aliyuncs.com/volunteer/ueditor/image/2016/07/011467355092737001325.png\" title=\"\" alt=\"blob.png\"/></p><p>　黄崖关中心小学教导主任杨春表示，此次红色经典诵读活动，一方面对孩子们进行了爱国主义和革命传统教育，培养了孩子们的民族精神；另一方面，也进一步增强了大家对党和社会主义祖国的感情，激发了他们建设美丽天津美丽蓟县的信心和热情。</p><p>　　来自黄崖关中心小学二年级的王宇帆说：“在志愿者们的带领下，在领略红歌魅力的同时也激发自己的爱国热情，大哥哥大姐姐的风采也激励着自己好好学习天天向上。”</p><p><br/></p>',NULL,1,NULL,1,'2016-07-01 14:38:31','2016-07-01 14:38:37',1,0),(145,'五月花海，志愿时代',1,'http://tw.dgut.edu.cn/uploads/userup/20/133613aE-M47.jpg','<p>2012年5月3日，五四表彰大会在学校大礼堂隆重举行，会上对各个优秀团委工作单位、个人做出了表彰。出席本次大会的有校各级领导，部分团委学生干部参与了本次会议。校团委书记黄金和主持了这次表彰大会。&nbsp;&nbsp;&nbsp;&nbsp;&nbsp;值得关注的是，本次大会涉及对先进志愿服务站、优秀校庆志愿者、莞工志愿之星的表彰，显示了校团委对志愿服务工作的高度重视及肯定。&nbsp;&nbsp;&nbsp;&nbsp; 大会上，获得表彰的先进志愿服务站分别为化学与环境工程学院、机械工程学院、经济贸易系、政法学院。另外，梁杰伟、黄松旭、肖雯等26名志愿者接受了优秀校庆志愿者的表彰；而邱萧寒获得莞工志愿之星的称号，李安琪同学获得了志愿之星提名奖。这些优秀的单位或个人是各志愿服务单位或个人的榜样，他们得到的肯定也鼓励着志愿服务的发展。&nbsp;&nbsp;&nbsp;&nbsp; 邱萧寒同学接受访问时提到一些到麻风病康复村服务的经历，特别是说到一位种着满院子玫瑰花的康复者时，由衷感受到她对这些人深厚的感情以及这些康复者的可爱。她对志愿服务的热情，在访问过程中不经意地流露出来，“志愿不需要坚持，因为它已经是我们生活中的一部分”――这句话便是最好的证明，也是对志愿最好的诠释。&nbsp;&nbsp;&nbsp;&nbsp; 志愿，逐渐成为大流，作为一场新的革命在悄悄上演。有着与五四时期一样的热血与激情，相信志愿将书写一个新的时代。&nbsp;<a target=\"_blank\" href=\"http://tw.dgut.edu.cn/uploads/userup/20/133613aE-M47.jpg\"><img alt=\"\" width=\"600\" height=\"396\" src=\"http://tw.dgut.edu.cn/uploads/userup/20/133613aE-M47.jpg\"/></a>&nbsp;先进志愿服务站获奖单位&nbsp;<a target=\"_blank\" href=\"http://tw.dgut.edu.cn/uploads/userup/20/133613a96-35H.jpg\"><img alt=\"\" width=\"600\" height=\"396\" src=\"http://tw.dgut.edu.cn/uploads/userup/20/133613a96-35H.jpg\"/></a>&nbsp;“莞工二十载，有我更精彩”――优秀校庆志愿者获奖个人&nbsp;<a target=\"_blank\" href=\"http://tw.dgut.edu.cn/uploads/userup/20/133613b23-E52.jpg\"><img alt=\"\" width=\"600\" height=\"396\" src=\"http://tw.dgut.edu.cn/uploads/userup/20/133613b23-E52.jpg\"/></a>&nbsp;第一届莞工之星――“志愿之星”获奖者邱萧寒</p>',NULL,1,NULL,1,'2016-07-01 14:38:32','2016-07-01 15:56:33',2,0);

#
# Structure for table "vol_evalution"
#

CREATE TABLE `vol_evalution` (
  `evalutionId` int(11) NOT NULL AUTO_INCREMENT COMMENT '自增ID',
  `projectId` int(11) DEFAULT NULL COMMENT '项目ID',
  `volunteerId` int(11) DEFAULT NULL COMMENT '志愿者ID',
  `starId` int(11) DEFAULT NULL COMMENT '星级评价ID',
  `evalutionAuditor` int(11) DEFAULT NULL COMMENT '评价人（机构用户ID)',
  `organizationId` int(11) DEFAULT NULL COMMENT '场馆ID',
  `evalutionDate` datetime DEFAULT NULL COMMENT '评价日期',
  PRIMARY KEY (`evalutionId`)
) ENGINE=InnoDB AUTO_INCREMENT=20 DEFAULT CHARSET=utf8 COMMENT='信用评价';

#
# Data for table "vol_evalution"
#


#
# Structure for table "vol_log"
#

CREATE TABLE `vol_log` (
  `id` int(11) NOT NULL AUTO_INCREMENT,
  `memberId` int(11) DEFAULT NULL COMMENT '用户ID',
  `fromUrl` varchar(200) DEFAULT NULL COMMENT '源url',
  `loginUrl` varchar(200) DEFAULT NULL COMMENT 'url',
  `ipAddress` varchar(50) DEFAULT NULL COMMENT '网络地址',
  `clientType` tinyint(1) DEFAULT NULL COMMENT '访问入口 0：PC 1：手机web页面 2：App(android) 3:App(ios)',
  `systemType` varchar(50) DEFAULT NULL COMMENT '系统类型与版本 例如：安卓 ios win等',
  `browserType` varchar(50) DEFAULT NULL COMMENT '浏览器类型与版本 例如：IE,uc,safair等',
  `deviceType` varchar(50) DEFAULT NULL COMMENT '设备型号 例如：HTC Hero等',
  `updateTime` timestamp NOT NULL DEFAULT CURRENT_TIMESTAMP COMMENT '访问时间',
  PRIMARY KEY (`id`)
) ENGINE=MyISAM AUTO_INCREMENT=83 DEFAULT CHARSET=utf8 COMMENT='访问日志表';

#
# Data for table "vol_log"
#


#
# Structure for table "vol_news_infomation"
#

CREATE TABLE `vol_news_infomation` (
  `infomationId` int(11) NOT NULL AUTO_INCREMENT COMMENT '资讯ID',
  `infomationTitle` varchar(50) DEFAULT NULL COMMENT '标题',
  `infomationContent` text COMMENT '正文内容',
  `infomationType` int(11) DEFAULT NULL COMMENT '类型：0：资讯，1：公告，2：活动动态，3：工作文件',
  `infomationRelease` int(11) DEFAULT NULL COMMENT '发布者（机构用户ID）',
  `releaseDate` datetime DEFAULT NULL COMMENT '发布日期，格式：YYYY-MM-DD HH:MM:SS',
  `viewed` int(11) DEFAULT NULL COMMENT '浏览次数',
  PRIMARY KEY (`infomationId`)
) ENGINE=InnoDB AUTO_INCREMENT=90 DEFAULT CHARSET=utf8 COMMENT='新闻资讯';

#
# Data for table "vol_news_infomation"
#

INSERT INTO `vol_news_infomation` VALUES (83,'“春雨工程”2016广东省文化志愿者云南行侧记','<p><img src=\"http://jlpt.img-cn-hangzhou.aliyuncs.com/volunteer/ueditor/image/2016/07/011467353385460082777.png\" title=\"\" alt=\"blob.png\"/></p><p>&nbsp; &nbsp; 在云南省宁洱县磨黑镇阿诗玛广场上，滑稽表演者李赛与观众热情互动。 本报驻云南记者 肖依群 摄</p><p>　　歌声在大山里回荡，欢呼声在广场上爆响。台上演员一丝不苟冒雨演出，台下观众浑然忘我目不转睛……6月21日至24日，“春雨工程”2016广东省文化志愿者云南行活动走进了云南省普洱市和西双版纳傣族自治州。广东省62名文化志愿者以“大舞台”“大展台”“大讲堂”的形式，把丰富多彩的文艺演出、展览、讲座等文化志愿服务送到了云南百姓的身边。</p><p>　　<strong>大舞台搭进村寨</strong></p><p>　　<strong>把欢乐送到百姓身边</strong></p><p>　　第一场“大舞台”活动在普洱大剧院演出后，就来到普洱市宁洱县磨黑镇阿诗玛广场。虽然是淅沥沥的雨天，但演员们激情高涨，观众热情不减。舞蹈、快板、杂技、乐器演奏等内容丰富、形式多样的节目轮番上演。</p><p>　　来自广州市杂技艺术剧院的唐哲不仅和同事葛良希表演了一段高难度的杂技《力量》，还独自表演了一段惊险刺激的杂技《软钢丝》。表演中，唐哲在钢丝上自由行走、劈叉、前滚翻，一系列高难度动作赢得了现场观众的热烈掌声。</p><p>　　滑稽杂技《欢天喜地》凭借着极高的互动性，成为本次“大舞台”活动中老少皆爱的节目之一。在互动表演中，演员们邀请观众上台，一起表演杂耍方块，引来台下观众的笑声和欢呼声。</p><p>　　此外，极具岭南风情的民族舞蹈《雨打芭蕉》、民乐合奏《娱乐升平步步高》等节目也一一上演，受到了台下观众的热烈欢迎。</p><p>　　演出结束后，50岁的观众张女士表示，这样精彩的演出，山里人太需要了，现场看到的感觉与在电视上看到的感受非常不同。今年就读磨黑镇第一小学三年级的刘博怡作为被邀请到舞台上一起表演飞盘的群众演员，演出结束半小时后还兴奋不已。刘博怡说：“同学们都羡慕我上舞台表演，这些杂技节目我都喜欢，以后我也想学杂技。”</p><p>　　为了让更多的老百姓无门槛、近距离地观看演出，广东省文化志愿者一行把“大舞台”搭进了西双版纳傣族自治州景洪市勐养镇曼掌村。尽管烈日炎炎，曼掌村的文化广场上依然聚集了近千名群众。其中，有些年长的傣族老人虽不懂汉语，但他们表示，听不懂但仍然很喜欢看这样的节目，因为从来都没有看过这样的表演。演出结束后，村民们久久不舍得离去，还自发组织跳起了傣族迎宾舞来感谢文化志愿者们的精彩表演。</p><p>　　<strong>大展台引进非遗</strong></p><p>　　<strong>让观众领略岭南风采</strong></p><p>　　“大舞台”活动热热闹闹地展开，“大展台”和“大讲堂”活动也同样精彩纷呈。启动仪式当天，“筑梦”广东产业工人题材摄影作品展在普洱市文化馆开幕。展览分为“筑梦――东莞长安女工的故事”摄影作品展和“中国梦・岁月回响”劳动者风采美术作品展两部分，聚焦外来务工群体，展示他们的创业历程、劳动风采和生活场景。</p><p>　　此外，作为本次“春雨工程”的亮点活动，“大展台”还带来了佛山木版年画、剪纸、狮头扎作等非遗项目进行展示交流。国家级非物质文化遗产项目佛山狮头代表性传承人黎伟的展位前聚集了很多观众，黎伟一边展示一边为大家介绍：“黎家狮头眉精眼大、明牙震舌、双龙腮，配有传统的红、黄、绿等色彩，装饰丰富、造型生动。”今年71岁的黎伟表示：“虽然年纪大了，但我非常愿意参加这种文化交流活动，也想来看看云南的彩扎工艺。”隔壁展位上，非物质文化遗产项目佛山剪纸市级代表性传承人邓春红正在教授一位观众做铜凿剪纸。来自普洱老同志合唱团的冉克勤说：“这样的活动太好了，像我这样没有去过广东的人，在家门口就能看展览、看演出，还可以体验广东的非遗项目，真的是让人大开眼界。”</p><p>　　本次“大讲堂”活动中，词作家杨湘粤、合唱指挥家苗向阳还带来了以《歌词创作与欣赏》和《合唱指挥技法》为主题的演讲，500名群文工作者及高校学生聆听并参与活动。</p><p>　　<strong>促进双方文化交流的常态化发展</strong></p><p>　　“为了让广东省文化志愿者在服务云南的同时感受云南本地的自然风光和浓郁的民族风情，经过3个月的准备和策划，我们认真挑选了此次活动的每个演出地点，并注重向基层倾斜。”云南省文化厅公共文化处处长李友仁说。一路上，广东省文化志愿者参观了普洱市美术馆、普洱民族团结誓词碑、景洪市基诺山文化站等文化场所，与当地的文化、民俗深度接触。</p><p>　　“与其说是边疆行，不如说是交流行。”来自广东的志愿者师江渊说。作为此次“大舞台”的特别节目之一，《月光下的凤尾竹》是由云南省文化工作者和广东省文化志愿者一起演奏的。少数民族乐器葫芦丝和汉族乐器笛子、唢呐等，一起奏出了更丰满的旋律。葫芦丝的演奏者、云南省文化馆国家二级演员谢军表示：“我与师江渊的合作十分默契，他高超的技法也让我收获不少。”此外，云南省几十名文化志愿者积极踊跃参与其中，每场“大舞台”演出都有当地的表演团队献演，其中《基诺大鼓舞》、傣族舞蹈《龙舟》等节目受到广东省文化志愿者的喜爱和赞赏。</p><p>　　“此次‘春雨工程’活动融合文化、志愿、边疆、少数民族4个元素，通过双向互动形式，搭建起内地与边疆民族地区文化帮扶与交流的平台。”云南省文化厅厅长蔡春生说，“云南要虚心学习、认真借鉴广东省广大文化工作者积极奋斗的精神、开拓创新的勇气和精湛高超的技艺，以饱满的热情、精湛的艺术投身到文化建设当中。活动虽然结束了，但要借此契机，建立云南与广东两地文化交流的长效机制，促进双方文化交流的常态化发展。”</p><p>　　谈及本次“春雨工程”云南行活动的亮点和特点，广东省文化厅厅长方健宏表示：“本次活动在艺术形式上做了拓展，除了舞台演出、展览和讲座，我们首次引进非遗项目。我们还将演出舞台深入地级市、镇、村，以此拉近与当地百姓的距离。”方健宏表示，“春雨工程”对各地文化工作者之间的交流、合作具有推动作用，是民心工程，是民族团结的品牌，也是艺术交流合作的良好载体。</p>',NULL,1,'2016-07-01 14:10:53',3),(84,'星辰志愿者招募活动新闻','<p>2013年12月5日上午十点，成都市大同社会工作服务中心的社工们来到了人人乐广场进行星辰志愿者招募活动。整个活动顺利进行，各个年龄段的爱心人士都前来踊跃报名参加。</p><p>社工刚把宣传展板和横幅挂上就有路人前来观看，两名社工上前向他们介绍本次活动。活动正式开始时，两名社工拿着招募志愿者的宣传单在人人乐广场宣传，两名社工在摆点处负责报名及发放机构的环保袋和宣传册。</p><p>在这次志愿者招募活动开展的同时，人人乐广场有很多中老年人在跳舞。其中跳舞的阿姨了解了这次活动的目的后，邀请社工用他们的音响设备向大家宣传本次志愿者招募活动。经过这样一宣传更多的人前来报名参加，同时也有更多的居民了解了大同社会工作服务中心。</p><p>报名参加志愿者招募活动的多数是中老年人，社工问及他们为什么要报名做志愿者时，他们都表示“关爱别人，快乐自己”。多温暖的话语，在这寒冬的日子里更加的暖人心。</p><p>志愿者招募正在进行，让我们以爱传承，用心行动，汇聚正能量。人人都献出一份爱，以最博大之爱，做最细微之事；以最温暖之心，传最浓厚之情。</p><p>&nbsp; &nbsp; &nbsp; &nbsp; &nbsp; &nbsp; &nbsp; &nbsp; &nbsp; &nbsp; &nbsp; &nbsp; &nbsp; (文/摄&nbsp;&nbsp;王元菊/程超)</p><p><a href=\"http://photo.blog.sina.com.cn/showpic.html#blogid=e0cdfc540101ex2f&url=http://album.sina.com.cn/pic/0047fenigy6EM7K0yJy90\" target=\"_blank\"><img src=\"http://s1.sinaimg.cn/mw690/0047fenigy6EM7K0yJy90&690\" alt=\"星辰志愿者招募活动新闻稿\" title=\"星辰志愿者招募活动新闻稿\"/></a><br/></p><p>活动刚开始社工向居民介绍本次活动</p><p><a href=\"http://photo.blog.sina.com.cn/showpic.html#blogid=e0cdfc540101ex2f&url=http://album.sina.com.cn/pic/0047fenigy6EM7Kbr6n9f\" target=\"_blank\"><img src=\"http://s16.sinaimg.cn/mw690/0047fenigy6EM7Kbr6n9f&690\" alt=\"星辰志愿者招募活动新闻稿\" title=\"星辰志愿者招募活动新闻稿\"/></a><br/></p><p>渐渐的前来了解的居民增多 &nbsp;</p><p><a href=\"http://photo.blog.sina.com.cn/showpic.html#blogid=e0cdfc540101ex2f&url=http://album.sina.com.cn/pic/0047fenigy6EM7JIl7Uce\" target=\"_blank\"><img src=\"http://s15.sinaimg.cn/mw690/0047fenigy6EM7JIl7Uce&690\" width=\"690\" height=\"517\" alt=\"星辰志愿者招募活动新闻稿\" title=\"星辰志愿者招募活动新闻稿\"/></a><br/></p><p>居民主动向社工咨询报名参加志愿者的具体事宜</p><p><a href=\"http://photo.blog.sina.com.cn/showpic.html#blogid=e0cdfc540101ex2f&url=http://album.sina.com.cn/pic/0047fenigy6EM7K61C20a\" target=\"_blank\"><img src=\"http://s11.sinaimg.cn/mw690/0047fenigy6EM7K61C20a&690\" width=\"690\" height=\"517\" alt=\"星辰志愿者招募活动新闻稿\" title=\"星辰志愿者招募活动新闻稿\"/></a><br/></p><p>居民填报志愿者信息表</p><p><a href=\"http://photo.blog.sina.com.cn/showpic.html#blogid=e0cdfc540101ex2f&url=http://album.sina.com.cn/pic/0047fenigy6EM7JOLj8be\" target=\"_blank\"><img src=\"http://s15.sinaimg.cn/mw690/0047fenigy6EM7JOLj8be&690\" width=\"690\" height=\"517\" alt=\"星辰志愿者招募活动新闻稿\" title=\"星辰志愿者招募活动新闻稿\"/></a><br/></p><p>社工给阿姨讲解如何填志愿者信息表</p><p><a href=\"http://photo.blog.sina.com.cn/showpic.html#blogid=e0cdfc540101ex2f&url=http://album.sina.com.cn/pic/0047fenigy6EM7JV8f4ee\" target=\"_blank\"><img src=\"http://s15.sinaimg.cn/mw690/0047fenigy6EM7JV8f4ee&690\" width=\"690\" height=\"517\" alt=\"星辰志愿者招募活动新闻稿\" title=\"星辰志愿者招募活动新闻稿\"/></a><br/></p><p>借用热心阿姨的音响设备宣传后前来了解的居民增多&nbsp;</p>',NULL,1,'2016-07-01 14:19:29',1),(85,'“社工服务，志愿同行”志愿者宣传及招募活动','<p>为宣扬雷锋精神，鼓励更多的居民参与义工服务，投入志愿服务，在小区中营造关爱、志愿、奉献的服务氛围。2015年3月19日，五福里社区综合服务中心社工联合道蛏绻ふ旧绻ぴ谖甯＠锟展了“社工服务，志愿同行”志愿者宣传及招募活动。</p><p>本次活动主要是通过展架展示志愿者的服务风采及社工的服务，倡导小区居民抽出更多时间参与志愿者服务，并为五福里社区综合服务中心提供更多的志愿者资源支持。小区居民在活动现场可以通过参加社工设置的小游戏、志愿者宣传单、展架及向社工咨询的方式了解志愿者，也可以在社工这里报名加入五福里小区的“义家人”志愿者服务队。</p><p>此次活动为营造浓厚社区文化氛围，创建幸福和谐社区起到积极的促进作用，居民对本次活动予以高度认可。通过此次活动，不仅宣传了志愿者精神、扩大了居民对社工及我中心服务的知晓率，同时促进了社工和小区居民之间的沟通，招募一些热心的志愿者，创造了小区义工的基础，为以后开展志愿者活动打下了良好的群众基础。</p><p>2015年3月23日</p><p>罗伟</p><p><img src=\"http://www.dgqinyuan.com/uploads/2015/04/071233226684.png\" alt=\"\"/><br/></p><p>居民在想社工质询志愿者知识</p><p><img src=\"http://www.dgqinyuan.com/uploads/2015/04/071233546379.png\" alt=\"\"/><br/></p><p>社工在指引居民填写志愿者登记表</p>',NULL,1,'2016-07-01 14:20:21',1),(86,'TNF100志愿者招募活动正式启动','<p><img src=\"http://i1.hoopchina.com.cn/blogfile/201405/07/BbsImg139943182376790_1000*450.jpg\" alt=\"TNF100志愿者招募活动正式启动\"/></p><p>你面前有一座山，<strong>你需要翻过她</strong>。<br/>你面前有一条河，<strong>你需要越过她</strong>。<br/>你面前有一场比赛，<strong>你需要征服她</strong>。<br/>但你有没有想过，在你一路成功的道路上，<br/>有多少人为你伸出了<strong>援助之手</strong>？<br/>有多少人为你指引了前进的方向？<br/><strong>你有没有做好准备，成为神圣之手的一员，成全别人的比赛？</strong><br/>比赛很多，但成为志愿者的机会却不多。</p><p><strong>TNF 100赛事组委会特别授权虎扑跑步，让我们成为CP9站点总负责！！</strong></p><p><strong>虎扑跑步</strong>开始面对广大跑友进行志愿者招募，如果你确定自己能够胜任，都可以前来申请CP9志愿者一职。（共招募六人，推荐<strong>北京地区</strong>朋友参与）</p><p><strong>招募时间：</strong></p><p>2014年<strong>5月7日</strong>-2014年<strong>5月12日</strong>18：00</p><p><strong>招募方式：</strong></p><p>共招募6人，报名请站内短消息@ 虎扑跑步区 ，将</p><p><strong>姓名+联系电话+地址+衣服尺码+身份证号+QQ号&nbsp;</strong>（以上均为必填）</p><p>发送给@ 虎扑跑步区，收到你的报名信息后，主页君会第一时间与你联系。</p><p><img src=\"http://i1.hoopchina.com.cn/blogfile/201405/07/BbsImg139943317439443_550*312.jpg\"/></p><p><strong>工作内容：</strong></p><p>1、按点领取物资，签收清单；</p><p>2、搭建帐篷（按照帐篷搭建分布图要求、方向、大小、桌子摆放）；</p><p>3、提供补给，水和食物；</p><p>4、计数，统计参赛运动员的数量，通知下一站，第一个运动员和最后一个通过此补给站，如何确定最后一个通过，已见到收尾员为标准；</p><p>5、管理好所有物资，以防丢失或者被盗；</p><p>6、和所在站点的救援队人员做好协调工作；</p><p>7、出现紧急状况及时向指挥中心汇报；</p><p>8、拆卸帐篷，收集垃圾，整理物资还回物资领取处，签收齐活；</p><p><strong>工作时间：</strong></p><p>2014年5月24日10：30-20：30</p><p><strong>工作地点：</strong></p><p>北京西山森林公园西北面</p><p><strong>工作回报：</strong></p><p>1、TNF赛事活动志愿者活动T恤一件；</p><p>2、所有经过CP9点的跑友对你的感谢；</p><p>3、面对众多跑友，交流跑山经验；观摩赛事举行方式，为今后比赛做准备。</p><p>如果有时间，不要让自己荒废，尽可能让自己帮助到有需要帮助的人！</p>',NULL,1,'2016-07-01 14:21:39',0),(87,'“华夏保险杯”第三届少儿才艺大赛火热招募中','<p>2016年6月11日下午，华夏保险苏州分公司携手同程旅游及凤凰少儿艺术团共同举办了&quot;华夏保险杯o让华夏充满爱&quot;第三届少儿才艺大赛初赛，华夏保险苏州分公司总经理倪新盛先生、团险业务部经理濮菊芳女士、凤凰少儿艺术团总监歌阳先生以及同程旅游园区旗舰店店长申静静女士出席本次活动并应邀担任评委。期间，16位小选手分别展示了舞蹈、独唱、朗诵、魔术等方面才艺，小选手们的精彩表演获得了现场阵阵掌声，经评委老师的共同评选，最终评出了一、二、三等奖三个奖项。活动的开展，展现了孩子们才艺，拉近了家长们与孩子的距离，受到了大家的一致好评，同时也加深了对华夏保险的认识与了解。</p><p>　　华夏保险2016年&quot;未来星&quot;客服节自6月1日盛大开幕以来，得到了社会各界人士高度关注与好评，而本次少儿才艺大赛作为客服节的重要部分，旨在践行社会责任，为小朋友们搭建一个展示自我才艺的平台，圆小朋友的才艺梦，明星梦。目前，苏州赛区才艺少儿招募活动仍在火热进行中，无论是书画小高手、舞蹈小能手，还是乐器小达人，都可在华夏保险官方微信&quot;客服节专栏&quot;报名参赛。苏州赛区优胜者将有机会获推荐赴北京参加总决赛，更有机会获得最高2万元奖金以及上央视节目成为小童星。华夏大舞台，有才你就来！（文：苏州华夏）</p><p><img title=\"点击看大图\" alt=\"“华夏保险杯”第三届少儿才艺大赛火热招募中\" src=\"http://i4.hexunimg.cn/2016-07-01/184699328.jpg\" width=\"550\"/></p>',NULL,1,'2016-07-01 14:22:41',1),(88,'中原第一漂月薪万元招募“护漂女神”','<p><img src=\"http://n.sinaimg.cn/henan/transform/20160701/96f--fxtsats1398454.JPG\" alt=\"\"/></p><p>　　进入暑期以来，水上运动旅游项目颇受欢迎，漂流更是成为很多人的首选；南阳西峡中原第一漂鹳河漂流是中原开发最早、距离最长的首家国家AAAA漂流景区；专注漂流17年；成为全国知名品牌；2016年7月9日启动首批“护漂女神”美女护漂队；为游客提供温馨、专业的服务；这里天天是泼水节、处处是水仗区；让您忘记时间、忘记身份、忘记年龄、忘记烦恼。</p><p><img src=\"http://n.sinaimg.cn/henan/transform/20160701/2vOD-fxtsatm1118949.JPG\" alt=\"\"/></p><p>　　一、活动主题：十年修来同船渡、百年修得女神护&nbsp;&nbsp;&nbsp;&nbsp;&nbsp;&nbsp;&nbsp;&nbsp;&nbsp;&nbsp;&nbsp;&nbsp;&nbsp;&nbsp;&nbsp;&nbsp;&nbsp;&nbsp;&nbsp;&nbsp;&nbsp;&nbsp;&nbsp;&nbsp;</p><p>　　----“护漂女神”启动仪式</p><p>　　二、活动时间：2016年7月9日、10日</p><p>　　三、活动地点：西峡鹳河漂流</p><p>　　四、主办：中原第一漂旅游集团、西峡县旅游局</p><p>　　五、活动内容：&nbsp;&nbsp;&nbsp;</p><p>　　1、“护漂女神”为您导漂、护航&nbsp;&nbsp;&nbsp;</p><p>　　2、陪您玩穿越---观看“水上古装秀”&nbsp;&nbsp;&nbsp;</p><p>　　3、“美人鱼”水上舞蹈表演&nbsp;&nbsp;&nbsp;</p><p>　　4、小丑互动游戏、赢取大奖&nbsp;&nbsp;</p><p>　　5、《狂欢戏水、泡沫派对》现场更多惊喜元素，这是一次梦幻之旅、激情之旅；与大自然亲密接触；与“护漂女神”零距离互动；给您带来视觉、听觉、心灵的完美感受！一场从未体验过的漂流之旅，一场你能无限享受娱乐、激情到底的狂欢盛宴。</p><p><img src=\"http://n.sinaimg.cn/henan/transform/20160701/9zOS-fxtsatn7883405.JPG\" alt=\"\"/></p><p><img src=\"http://n.sinaimg.cn/henan/transform/20160701/yvgN-fxtsatn7883431.JPG\" alt=\"\"/></p>',NULL,1,'2016-07-01 14:23:37',1),(89,'延安市成立文化志愿者服务总队','<p>　6月22日，由延安市文化艺术中心主办的全市文化志愿者服务总队成立大会暨第一届代表大会在延安培植小剧院召开。副市长杨霄出席会议并讲话。延安市文广局、文明办等相关单位负责人及近百名志愿者参加会议。<br/><br/>　　大会通过了《延安市文化志愿者服务总队章程》，选举产生了第一届代表大会领导机构，并为文化志愿服务总队及各分队授旗。据悉，延安市文化志愿者服务总队是由文艺志愿者以及关心支持文化志愿服务事业的单位或个人自愿组成，旨在通过广泛动员文艺家、文艺工作者、文艺爱好者投身志愿服务，培育和发展壮大文化志愿队伍，同时规划组织文化志愿服务活动，协调指导开展志愿服务，打造文艺志愿服务品牌，推动文艺志愿服务管理和实施网络建设。<br/><br/>　　杨霄说，志愿者服务活动是一项光荣而崇高的社会公益活动，做好文化志愿者工作和加强文化志愿者协会建设是现代公共文化服务体系建设的重要内容，是加强思想道德建设、培育和践行社会主义核心价值观的重要载体。全市各级文化行政部门要把文化志愿服务工作纳入文化建设总体安排，丰富与完善志愿服务内容，把文化志愿服务做到基层、做进社区、做进家庭，进一步健全志愿服务工作机制，推进文化志愿服务科学规范发展。</p>',NULL,1,'2016-07-01 14:25:53',3);

#
# Structure for table "vol_node"
#

CREATE TABLE `vol_node` (
  `id` int(11) NOT NULL AUTO_INCREMENT COMMENT '节点ID',
  `name` varchar(100) DEFAULT NULL COMMENT '名称',
  `title` varchar(50) DEFAULT NULL COMMENT '标题',
  `status` int(11) DEFAULT NULL COMMENT '状态',
  `remark` int(11) DEFAULT NULL COMMENT '排序',
  `sort` int(11) DEFAULT NULL COMMENT '父级ID',
  `pid` int(11) DEFAULT NULL COMMENT '层级',
  `level` varchar(50) DEFAULT NULL COMMENT '备注',
  PRIMARY KEY (`id`)
) ENGINE=InnoDB AUTO_INCREMENT=28 DEFAULT CHARSET=utf8 COMMENT='节点表';

#
# Data for table "vol_node"
#

INSERT INTO `vol_node` VALUES (1,'Home','后台管理',1,NULL,1,0,'1'),(2,'User','人员管理',1,NULL,1,1,'2'),(3,'Activity','项目管理',1,NULL,2,1,'2'),(4,'Content','内容管理',1,NULL,3,1,'2'),(6,'Rbac','系统管理',1,NULL,5,1,'2'),(7,'volunteer','志愿者管理',1,NULL,1,2,'3'),(8,'team','团队管理',1,NULL,2,2,'3'),(9,'activity','项目列表',1,NULL,1,3,'3'),(12,'newsflash','新闻快讯',1,NULL,1,4,'3'),(13,'volunteerstyle','志愿者风采',1,NULL,2,4,'3'),(15,'SystemUserManagement','系统用户',1,0,1,6,'3'),(16,'role','用户角色',1,0,2,6,'3'),(24,'basicdata','基础数据',1,NULL,3,6,'3'),(27,'teamstyle','团队风采',1,NULL,3,4,'3');

#
# Structure for table "vol_organization"
#

CREATE TABLE `vol_organization` (
  `organizationId` int(11) NOT NULL AUTO_INCREMENT COMMENT '场馆ID',
  `organizationName` varchar(100) DEFAULT NULL COMMENT '场馆名称',
  `organizationArea` varchar(100) DEFAULT NULL COMMENT '区域',
  `organizationAddress` varchar(100) DEFAULT NULL COMMENT '详细地址',
  `organizationHead` varchar(50) DEFAULT NULL COMMENT '负责人',
  `organizationHeadPhone` varchar(13) DEFAULT NULL COMMENT '负责人电话',
  `organizationEmail` varchar(50) DEFAULT NULL COMMENT '邮箱',
  `organizationZip` varchar(6) DEFAULT NULL COMMENT '邮编',
  PRIMARY KEY (`organizationId`)
) ENGINE=InnoDB AUTO_INCREMENT=5 DEFAULT CHARSET=utf8 COMMENT='场馆';

#
# Data for table "vol_organization"
#


#
# Structure for table "vol_organization_user"
#

CREATE TABLE `vol_organization_user` (
  `organizationUserId` int(11) NOT NULL AUTO_INCREMENT COMMENT '机构用户Id',
  `userId` int(11) DEFAULT NULL COMMENT '用户ID',
  `organizationUserPortrait` varchar(200) DEFAULT NULL COMMENT '用户头像',
  `onlySign` varchar(128) DEFAULT NULL COMMENT '用户统一标识',
  `organizationUserGender` int(11) DEFAULT NULL COMMENT '性别 0：保密 1：男 2：女',
  `organizationUserPhone` varchar(13) DEFAULT NULL COMMENT '联系电话',
  `organizationUserEmail` varchar(50) DEFAULT NULL COMMENT '邮箱地址',
  `organizationArea` varchar(100) DEFAULT NULL COMMENT '区域',
  `organizationId` int(11) DEFAULT NULL COMMENT '所属场馆ID',
  `registerDate` datetime DEFAULT NULL COMMENT '注册时间，格式：YYYY-MM-DD HH:MM:SS',
  `updateDate` datetime DEFAULT NULL COMMENT '更新时间，格式：YYYY-MM-DD HH:MM:SS',
  `roleId` int(11) DEFAULT NULL COMMENT '角色：1：机构管理员、2：机构用户',
  PRIMARY KEY (`organizationUserId`)
) ENGINE=InnoDB AUTO_INCREMENT=5 DEFAULT CHARSET=utf8 COMMENT='机构信息表';

#
# Data for table "vol_organization_user"
#


#
# Structure for table "vol_organization_user_relation"
#

CREATE TABLE `vol_organization_user_relation` (
  `relationId` int(11) NOT NULL AUTO_INCREMENT COMMENT '自增长ID',
  `organizationId` int(11) DEFAULT NULL COMMENT '场馆id',
  `userId` int(11) DEFAULT NULL COMMENT '用户ID',
  `userType` int(11) DEFAULT NULL COMMENT '类型：1：志愿者，2：机构用户',
  PRIMARY KEY (`relationId`)
) ENGINE=InnoDB AUTO_INCREMENT=4 DEFAULT CHARSET=utf8 COMMENT='场馆用户关联表';

#
# Data for table "vol_organization_user_relation"
#


#
# Structure for table "vol_project_appoint"
#

CREATE TABLE `vol_project_appoint` (
  `serialId` int(11) NOT NULL AUTO_INCREMENT COMMENT '自增ID',
  `signUpId` int(11) DEFAULT NULL COMMENT '报名编号ID',
  `appointUserId` int(11) DEFAULT NULL COMMENT '配送人Id(机构用户ID)',
  `appointDate` datetime DEFAULT NULL COMMENT '配送时间',
  PRIMARY KEY (`serialId`)
) ENGINE=InnoDB AUTO_INCREMENT=21 DEFAULT CHARSET=utf8 COMMENT='项目配送表';

#
# Data for table "vol_project_appoint"
#


#
# Structure for table "vol_project_count"
#

CREATE TABLE `vol_project_count` (
  `projectId` int(11) NOT NULL DEFAULT '1' COMMENT '项目ID',
  `join_nums` int(11) DEFAULT NULL COMMENT '报名人数',
  `read_nums` int(11) DEFAULT NULL COMMENT '阅读人数',
  `share_nums` int(11) DEFAULT NULL COMMENT '分享数',
  `createDate` datetime DEFAULT NULL COMMENT '创建日期',
  `updateDate` datetime DEFAULT NULL COMMENT '更新日期',
  PRIMARY KEY (`projectId`)
) ENGINE=InnoDB DEFAULT CHARSET=utf8 COMMENT='志愿者服务统计表';

#
# Data for table "vol_project_count"
#

INSERT INTO `vol_project_count` VALUES (35,0,20,0,'2016-07-01 13:39:05','2016-07-01 16:02:00'),(36,0,2,0,'2016-07-01 13:52:27','2016-07-01 15:52:04'),(37,0,5,0,'2016-07-01 13:59:18','2016-07-01 14:00:24'),(38,0,3,0,'2016-07-01 13:59:50','2016-07-01 15:56:49'),(39,0,2,0,'2016-07-01 14:06:11','2016-07-01 14:18:19'),(40,0,1,0,'2016-07-01 14:10:19','2016-07-01 14:53:40'),(41,0,7,0,'2016-07-01 14:16:02','2016-07-01 15:49:04');

#
# Structure for table "vol_project_signup"
#

CREATE TABLE `vol_project_signup` (
  `signUpId` int(11) NOT NULL AUTO_INCREMENT COMMENT '自增ID',
  `projectId` int(11) DEFAULT NULL COMMENT '项目ID',
  `volunteerId` int(11) DEFAULT NULL COMMENT '志愿者ID(vol_volunteer_user.userid)',
  `signUpDate` datetime DEFAULT NULL COMMENT '报名日期',
  `signUpType` int(11) DEFAULT NULL COMMENT '报名类型：1：自主报名，2：配送报名',
  `signUpStutas` int(11) DEFAULT NULL COMMENT '录用状态：100：处理中，101：已录用，102：未录用,197：已评价',
  `refuseReason` varchar(100) DEFAULT NULL COMMENT '拒绝理由：（名额已满、条件不符合）',
  `getScore` int(11) DEFAULT NULL COMMENT '实际所得积分',
  `signId` int(11) DEFAULT NULL,
  PRIMARY KEY (`signUpId`)
) ENGINE=InnoDB AUTO_INCREMENT=248 DEFAULT CHARSET=utf8 COMMENT='项目报名表';

#
# Data for table "vol_project_signup"
#


#
# Structure for table "vol_push_message"
#

CREATE TABLE `vol_push_message` (
  `messageId` int(11) NOT NULL AUTO_INCREMENT COMMENT '自增ID',
  `projectId` int(11) DEFAULT NULL COMMENT '项目ID',
  `volunteerId` int(11) DEFAULT NULL COMMENT '自愿者ID',
  `messageTitle` varchar(50) DEFAULT NULL COMMENT '消息标题',
  `messageContent` varchar(100) DEFAULT NULL COMMENT '消息内容',
  `messageOperator` int(11) DEFAULT NULL COMMENT '操作人（机构用户id)',
  `pushDate` datetime DEFAULT NULL COMMENT '推送日期',
  `readOrNot` int(2) NOT NULL DEFAULT '0',
  PRIMARY KEY (`messageId`)
) ENGINE=InnoDB AUTO_INCREMENT=53 DEFAULT CHARSET=utf8 COMMENT='消息推送表';

#
# Data for table "vol_push_message"
#


#
# Structure for table "vol_report"
#

CREATE TABLE `vol_report` (
  `reportId` int(11) NOT NULL AUTO_INCREMENT COMMENT '举报ID',
  `elegantId` int(11) DEFAULT NULL COMMENT '风采ID',
  `volunteerId` int(11) DEFAULT NULL COMMENT '举报者ID',
  `reportDate` datetime DEFAULT NULL COMMENT '举报日期',
  `reportContent` varchar(20) DEFAULT NULL COMMENT '举报内容',
  `checkStatus` varchar(20) DEFAULT NULL COMMENT '审核状态：0：未审核，1：审核通过，2：审核未通过',
  `checkId` int(11) DEFAULT NULL COMMENT '审核者ID',
  `checkDate` datetime DEFAULT NULL COMMENT '审核日期',
  PRIMARY KEY (`reportId`)
) ENGINE=InnoDB AUTO_INCREMENT=3 DEFAULT CHARSET=utf8 COMMENT='举报表';

#
# Data for table "vol_report"
#


#
# Structure for table "vol_role"
#

CREATE TABLE `vol_role` (
  `id` int(11) NOT NULL AUTO_INCREMENT COMMENT '角色ID',
  `name` varchar(100) DEFAULT NULL COMMENT '名称,类型：0：普通用户、1：志愿者，2：机构用户，3：志愿者团体',
  `pid` int(11) DEFAULT NULL COMMENT '父级ID',
  `status` int(11) DEFAULT NULL COMMENT '状态',
  `remark` varchar(50) DEFAULT NULL COMMENT '备注',
  PRIMARY KEY (`id`)
) ENGINE=InnoDB AUTO_INCREMENT=5 DEFAULT CHARSET=utf8 COMMENT='角色表';

#
# Data for table "vol_role"
#

INSERT INTO `vol_role` VALUES (1,'管理员',1,1,'系统管理'),(2,'机构用户',3,1,'管理员'),(3,'省中心管理员',2,1,'省管理员'),(4,'国家中心管理员',1,1,'中心管理员');

#
# Structure for table "vol_role_user"
#

CREATE TABLE `vol_role_user` (
  `role_id` int(11) DEFAULT NULL COMMENT '角色id',
  `user_id` varchar(128) DEFAULT NULL COMMENT '用户统一标识'
) ENGINE=InnoDB DEFAULT CHARSET=utf8 COMMENT='用户角色关联表';

#
# Data for table "vol_role_user"
#


#
# Structure for table "vol_score"
#

CREATE TABLE `vol_score` (
  `scoreId` int(11) NOT NULL AUTO_INCREMENT COMMENT '自增ID',
  `organizationId` int(11) DEFAULT NULL COMMENT '场馆ID',
  `volunteerId` int(11) DEFAULT NULL COMMENT '志愿者ID',
  `currentScore` int(11) DEFAULT NULL COMMENT '当前积分',
  `totalScore` int(11) DEFAULT NULL COMMENT '累计积分',
  PRIMARY KEY (`scoreId`)
) ENGINE=InnoDB DEFAULT CHARSET=utf8 COMMENT='积分表';

#
# Data for table "vol_score"
#


#
# Structure for table "vol_score_consumption"
#

CREATE TABLE `vol_score_consumption` (
  `consumptionId` int(11) NOT NULL AUTO_INCREMENT COMMENT '自增ID',
  `organizationId` int(11) DEFAULT NULL COMMENT '场馆ID',
  `volunteerId` int(11) DEFAULT NULL COMMENT '志愿者ID',
  `RedeemForehead` int(11) DEFAULT NULL COMMENT '兑换积分',
  `RedeemDate` datetime DEFAULT NULL COMMENT '兑换日期',
  `operator` int(11) DEFAULT NULL COMMENT '操作人（机构用户ID）',
  `RedeemReason` varchar(50) DEFAULT NULL COMMENT '事由',
  `remark` varchar(50) DEFAULT NULL COMMENT '备注',
  PRIMARY KEY (`consumptionId`)
) ENGINE=InnoDB DEFAULT CHARSET=utf8 COMMENT='积分兑换记录';

#
# Data for table "vol_score_consumption"
#


#
# Structure for table "vol_score_star"
#

CREATE TABLE `vol_score_star` (
  `scoreTypeId` int(11) NOT NULL AUTO_INCREMENT COMMENT '积分等级ID',
  `scoreTypeName` varchar(20) DEFAULT NULL COMMENT '积分等级名称',
  `scoreNumber` int(11) DEFAULT NULL COMMENT '积分数',
  `scoreTypePic` varchar(100) DEFAULT NULL COMMENT '等级图标',
  `createDate` datetime DEFAULT NULL COMMENT '创建时间',
  `createId` int(11) DEFAULT NULL COMMENT '创建者Id',
  PRIMARY KEY (`scoreTypeId`)
) ENGINE=InnoDB DEFAULT CHARSET=utf8 COMMENT='积分星级表';

#
# Data for table "vol_score_star"
#


#
# Structure for table "vol_service_project"
#

CREATE TABLE `vol_service_project` (
  `projectId` int(11) NOT NULL AUTO_INCREMENT COMMENT '项目ID',
  `projectTitle` varchar(50) DEFAULT NULL COMMENT '项目标题',
  `area_pid` int(11) DEFAULT NULL COMMENT '省区域',
  `area_cid` int(11) DEFAULT NULL COMMENT '市区域',
  `projectTypeId` int(11) DEFAULT NULL,
  `projectServiceObject` int(11) DEFAULT NULL COMMENT '服务对象',
  `projectRecruitment` int(11) DEFAULT NULL COMMENT '项目招募人数',
  `projectOrganizer` varchar(50) DEFAULT NULL COMMENT '主办机构',
  `projectAddress` varchar(100) DEFAULT NULL COMMENT '活动地点',
  `latitude` double DEFAULT NULL COMMENT '经度',
  `longitude` double DEFAULT NULL COMMENT '纬度',
  `projectCover` varchar(200) DEFAULT NULL COMMENT '封面',
  `detail` longtext COMMENT '项目详细',
  `projectEnrrolEndDate` datetime DEFAULT NULL COMMENT '招募结束日期',
  `projectStartDate` datetime DEFAULT NULL COMMENT '项目开始日期 格式：YYYY-MM-DD HH:MM',
  `projectEndDate` datetime DEFAULT NULL COMMENT '项目结束日期',
  `projectScore` int(11) DEFAULT NULL COMMENT '项目最高可获积分',
  `creatorId` int(11) DEFAULT NULL COMMENT '创建者Id',
  `createDate` datetime DEFAULT NULL COMMENT '创建日期',
  `updateDate` datetime DEFAULT NULL COMMENT '更新日期',
  `istop` int(11) DEFAULT NULL COMMENT '是否置顶（1：置顶；0：否）',
  PRIMARY KEY (`projectId`)
) ENGINE=InnoDB AUTO_INCREMENT=42 DEFAULT CHARSET=utf8 COMMENT='志愿者服务项目表';

#
# Data for table "vol_service_project"
#

INSERT INTO `vol_service_project` VALUES (35,'重庆巴南区公共文化物联网文化志愿者、团队开始招募啦……',96,4,125,28,30,'重庆巴南区文化馆','文化馆',29.378028,106.7582742,'http://jlpt.img-cn-hangzhou.aliyuncs.com/Public/Upload/images/2016/03/29/56fa167d04f64.png@100p','<p><img src=\"http://jlpt.img-cn-hangzhou.aliyuncs.com/Public/Upload/images/2016/03/29/56fa167d04f64.png@100p\" title=\"56fa167d04f64.png\" alt=\"blob.png\" height=\"\"/></p><p>为推动巴南六大文化工程建设，让更多的群众享受文化，让更多的社会力量参与发展文化，我们组建巴南区志愿者队伍，为群众输送更多的培训、演出等文化资源。</p><p>我们相信，巴南区公共文化物联网将是你人生风采的重要舞台，我们相信，广大群众会因你的无私奉献享受更多的文化服务，巴南文化会因为有你的加入而变得更加精彩！</p>','2016-07-05 13:38:18','2016-07-07 13:38:21','2016-07-12 13:38:24',10,1,'2016-07-01 13:39:05','2016-07-01 14:05:17',1),(36,'邯郸市暑期青年志愿者招募活动启动',126,5,131,28,100,'团市委、市青年志愿者行动指导中心','各社区',36.6093079,114.4826939,'http://jlpt.img-cn-hangzhou.aliyuncs.com/volunteer/ueditor/image/2016/07/011467352335964058149.png','<p>从团市委获悉，团市委、市青年志愿者行动指导中心暑期青年志愿者招募活动已经启动。活动期间，志愿者由团市委统一安排，参加系列志愿活动。</p><p>招募的志愿者应是邯郸市区内居住的高三应届毕业生、邯郸籍在校大学生；要求品学兼优，有奉献精神，有良好的组织协调、语言表达和人际沟通能力。服务时间为2016年7月至8月下旬。活动期间，在志愿者驿站开展各类志愿服务；或在社区内开展环境保护、扶老助残、关爱留守儿童等志愿服务；同时，结合全市青年工作实际开展相关暑假调研活动。</p><p>符合要求的青年，可携带近期1寸免冠照片1张到市青年中心进行报名登记；也可登录“邯郸共青团”官方网站，下载并填写“邯郸市青年志愿者注册登记表”，发送至团市委志工部邮箱、hdtswzgb@163.com。</p><p><img src=\"http://jlpt.img-cn-hangzhou.aliyuncs.com/volunteer/ueditor/image/2016/07/011467352335964058149.png\" alt=\"1.png\"/></p><p><br/></p>','2016-07-05 13:50:39','2016-07-06 13:50:42','2016-07-22 13:50:46',20,1,'2016-07-01 13:52:27',NULL,1),(37,'焦作市举行造血干细胞志愿者招募活动',149,6,128,28,200,'民建焦作市委、市红十字会、多氟多公司','氟多新能源科技有限公司',35.2346076,113.2118359,'http://jlpt.img-cn-hangzhou.aliyuncs.com/volunteer/ueditor/image/2016/07/011467352750100012229.jpg','<p>6月29日下午，“美丽焦作好人多多”招募捐献造血干细胞志愿者活动走进多氟多新能源科技有限公司，为该公司热心捐献造血干细胞的员工采集血样，现场共采集血样261份。至此，该公司已有671人加入中国造血干细胞捐献者资料库，成为焦作市捐献造血干细胞志愿者最多的单位。</p><p>为了生命的延续，民建焦作市委、市红十字会、多氟多公司联合举办了此次志愿者招募活动。之前，多氟多公司已累计有410人加入中国造血干细胞捐献者资料库，并且已有6人为患者成功捐献造血干细胞。</p><p>6月29日下午，在该企业设置的血样采集点，许多员工在听取捐献造血干细胞相关知识介绍后，纷纷在捐献造血干细胞征询表上郑重签名。最终，261人符合中国造血干细胞捐献者资料库条件，成为捐献者资料库志愿者成员。</p><p><img src=\"http://jlpt.img-cn-hangzhou.aliyuncs.com/volunteer/ueditor/image/2016/07/011467352750100012229.jpg\" alt=\"1.jpg\"/></p>','2016-07-14 13:56:42','2016-07-15 13:56:45','2016-07-22 13:56:47',30,1,'2016-07-01 13:59:18','2016-07-01 14:00:19',1),(38,'广东佛山高明区文化中心现面向社会公开招募文化志愿者',511,26,125,28,20,'高明区文化馆','高明区文化馆',23.0350948,113.1340256,'http://jlpt.img-cn-hangzhou.aliyuncs.com/volunteer/ueditor/image/2016/07/011467352750694090084.jpg','<section><section><section><section><p>&nbsp; &nbsp; 随着社会经济不断发展,生活水平不断提高,人们的精神文化需求同样在增加，为适应公共文化发展需要，不断扩大我区文化建设的覆盖面和影响力。高明区文化活动中心长年开展“闪耀新星”“最美歌声”“粤韵高明”“欢乐村居行”“学舞堂”“魅力大舞台”“元”计划公益培训班等一系列公益性文化活动。为了更好向城乡群众提供广泛的公益性文化服务，现面向社会公开招募文化志愿者。</p><p><img src=\"http://jlpt.img-cn-hangzhou.aliyuncs.com/volunteer/ueditor/image/2016/07/011467352750694090084.jpg\" alt=\"640.jpg\"/></p></section></section><p><br/></p></section></section><p><br/></p>','2016-07-04 18:00:00','2016-07-05 13:55:28','2016-07-20 13:55:36',1,1,'2016-07-01 13:59:50','2016-07-01 14:19:40',1),(39,'潞城市文化馆关于招募2016年度爱心义演志愿者的公告',403,19,125,28,30,'潞城市文化馆','潞城市文化馆',36.2016644,113.1202921,'','<p>为加强我市公共文化服务体系建设，营造新时期良好的社会环境与文化氛围，增强百姓文化志愿服务意识，积极倡导“奉献、友爱、互助、进步”的志愿精神，潞城市文化馆现向全社会招募有爱心，对艺术热爱的志愿者。</p><p>文化志愿者是指具有基本文化艺术才能，富有爱心，自愿奉献时间和精力，为发展群众文化事业、构建和谐爱心社会，提供公益性文化艺术服务的人士。</p><p>一、招募对象</p><p>1、具备较高的思想政治觉悟、甘于奉献、吃苦耐劳、热爱艺术、富有爱心、热心服务于群众文化事业；</p><p>2、具备基本的音乐、舞蹈、曲艺、戏曲等艺术素养，身体健康；</p><p>3、能保证每周有两个半天的排练时间，职业不限，年龄、性别不限；</p><p>4、要做到不缺席，不迟到、不早退，时间观念强、遵守纪律。</p><p>二、文化志愿者主要承担以下工作：</p><p>1、为需要爱心义演的人群服务（如老人、儿童、农民、农民工、残疾人等）；</p><p>2、群众文化服务宣传与推广；</p><p>3、参与公益性文化活动演出、服务以及其他公益性群众文化服务；</p><p>4、以上所有活动均为义务演出，不发放任何形式费用。</p><p>三、报名地址：潞城市文化馆二楼办公室</p><p>联系电话：15534505559</p><p>报名时需携带一寸免冠照片两张、本人身份证、学历证及个人简历、专业特长资料。</p><p>四、面试考核时间另行通知。</p><p><br/></p>','2016-07-04 14:05:23','2016-07-05 14:05:27','2016-07-12 14:05:29',1,1,'2016-07-01 14:06:11','2016-07-01 14:19:02',0),(40,'第十一届中国艺术节西安招募',408,21,125,28,6000,'西安市团省委','西安、延安主会场及省内其他地市分会场',34.2777999,108.9530983,'http://221.6.86.252:9116/zyz/common/ueditor/themes/default/images/spacer.gif','<p>从团省委获悉，为确保“第十一届中国艺术节”今年10月在我省成功举办，向全国乃至世界展示陕西青年志愿者的良好精神风貌，团省委从即日起启动“十一艺节”志愿者招募工作，计划面向全省招募志愿者6000名。</p><p>据了解，团省委受第十一届中国艺术节筹委会委托，负责组织实施本次艺术节志愿者的招募、管理、培训、运行和保障工作。为确保高水平的服务质量，此次计划招募志愿者6000名，其中赛会志愿者2000名，城市志愿者4000名。志愿者主要在西安、延安主会场及省内其他地市分会场，进行艺术节开、闭幕式以及“文华奖”、“群星奖”等艺术赛事、美术展览和各类活动的志愿服务。赛会志愿者主要在活动场馆，协助进行观众引导、秩序维持、媒体服务、信息咨询、演员服务、后勤保障等服务，同时开展礼宾接待、团队联络、会务服务及礼仪服务工作。城市志愿者，主要在场馆外围及城市其他重点区域开展文明礼仪引导、文化艺术展示等服务。</p><p>赛会志愿者报名，须为西安交通大学、西北工业大学、第四军医大学、陕西师范大学、长安大学、西北大学等我省22所高校在校大学生；年龄在18周岁以上，身体健康；能够参加服务前的培训及相关活动；能够在“十一艺节”期间连续服务；具备志愿服务岗位必需的专业知识和技能。具有一定志愿服务经历，特别是大型赛会志愿服务经历的申请人优先；在文艺鉴赏、音乐、美术、表演艺术等方面具有专业技能的申请人优先。有意报名的青年可在团省委官网网站下载报名表，填写完成后交至所在高校团委办公室，由受招募单位负责完成初选和资格审查，筹委会志愿者工作部进行最终审核。城市志愿者由西安、宝鸡、咸阳、铜川、渭南等11个市团市委招募，筹委会志愿者工作部也将通过“十一艺节”大会官方网站、陕西青年之声网站或陕西共青团官方微信、微博，发布招募信息，对符合条件的报名者进行面试筛选和资格审查，7月中旬确定最终录用名单。艺术节筹委会志愿者工作部联系人：胡淅h、夏娇阳</p><p><img id=\"loading_iq3cbp6y\" src=\"http://221.6.86.252:9116/zyz/common/ueditor/themes/default/images/spacer.gif\" title=\"正在上传...\"/></p>','2016-07-15 14:07:12','2016-07-17 14:07:28','2016-10-30 14:07:32',50,1,'2016-07-01 14:10:19',NULL,0),(41,'百度助力第三季“家?春秋”大学生口述历史计划 招募活动正式启动',32,1,125,28,200,'百度校园与百度阅读、中国传媒大学口述历史研究中心、北京市永源公益基金会、中华社会救助基金会','中国传媒大学',39.938574,116.4218847,'http://www.cctime.com/UpLoadFile/2016/6/30/201663069047625.jpg','<p>历史有了回忆就能流传，历史有了记录才有意义。现代社会的迅捷发展，城乡之间的不断变化，让更多的人有了更多的生存机会，离开家乡，远赴他乡，憧憬梦想，实现理想。那么当越来越多的人离开家乡、离开故土，是否有想念，是否有回忆呢？6月30号在中国传媒大学举办的第三季“家?春秋”大学生口述历史影像记录计划征案发布会，帮助大家一起回忆历史，鼓励大家一起记录历史。现场更有来自各大高校的百余名大学生参与，现场积极互动，气氛火热。</p><p><img src=\"http://www.cctime.com/UpLoadFile/2016/6/30/201663069047625.jpg\"/></p><p><br/></p><p>此次发布会，由百度校园与百度阅读、中国传媒大学口述历史研究中心、北京市永源公益基金会、中华社会救助基金会“我的历史”公益计划联合举办。发布会由著名主持人罗兵作为主持，出席嘉宾有中国社会科学院研究生院教授、著名学者雷颐；崔永元口述历史研究中心主任、国家广告研究院院长丁俊杰；北京市永源公益基金会秘书长李国武；百度校园品牌部负责人李轩涯；百度校园品牌部高级经理计湘婷以及百度阅读产品负责人胡鑫。</p><p>在发布会正式开始之前，就有不少参与现场的学生因为“口述历史”这个共同兴趣，进行线下的畅谈。截止到发布会结束，每一环节都意义丰富，吸引了百名大学生认真参与，并积极互动，在最后第三季征案内容发布+百度阅读专题上线仪式，更是被百名大学生热情关注。</p><p><img src=\"http://www.cctime.com/UpLoadFile/2016/6/30/201663069047626.jpg\"/></p><p><br/></p><p>第三季的“家・春秋”大学生口述历史影像记录鼓励更多的在校大学生回归家乡、家庭，走访长辈，用口述历史的方法，来讲述一代代人的历史，挖掘历史记忆，传承家族情感。而此次，百度更将利用在社会上的影响力，从而为本季“家・春秋”项目的品牌传播以及项目在大学生中的影响力做出贡献。</p><p>作为一个公益项目，“家・春秋”大学生口述历史鼓励年轻人亲手制作人生纪录片，因为我们都知道如果没有讲述与传承，记忆和历史都将消散在风中，为社会射波正能量，让人们对历史有新的认识，同样从不同方面丰富历史，尊重长辈，尊重历史。百度的此次参与，将更能彰显国家情怀，同时丰富百度校园和百度阅读的内容生态，凸显百度的企业社会责任。在本届与海内外“家・春秋”的相关宣传以及事宜上，都可在百度网站进行更为详尽的相关搜索和了解。</p><p>从2014年“家・春秋”项目的起步，形影相吊，再到2016年百度的加入，全国高校学生人数不断增加，将被更多年轻让人广泛的了解和参与。“家・春秋”是年轻人的公益，它应该具有深刻的历史意义，但是它不应该沉重、压抑、步履蹒跚；应该带进去更多年轻力量和新鲜的血液，应该快乐、轻松的发展。为这个快节奏的社会，带去触动和感悟。</p><p><span></span><br/></p>','2016-07-07 14:12:42','2016-07-08 14:12:46','2016-07-21 14:12:48',20,1,'2016-07-01 14:16:02',NULL,0);

#
# Structure for table "vol_set_sysid"
#

CREATE TABLE `vol_set_sysid` (
  `set_id` int(11) NOT NULL AUTO_INCREMENT COMMENT 'id 自增主键',
  `onlySign` varchar(50) NOT NULL COMMENT '用户唯一标识符',
  `projectId` int(11) DEFAULT NULL COMMENT '新生成的id',
  `sid` int(11) DEFAULT NULL COMMENT '原id',
  `creat_time` timestamp NULL DEFAULT CURRENT_TIMESTAMP COMMENT '创建时间',
  `update_time` timestamp NULL DEFAULT CURRENT_TIMESTAMP ON UPDATE CURRENT_TIMESTAMP COMMENT '更新时间',
  PRIMARY KEY (`set_id`)
) ENGINE=InnoDB AUTO_INCREMENT=10006 DEFAULT CHARSET=utf8 COMMENT='对接id设置表';

#
# Data for table "vol_set_sysid"
#


#
# Structure for table "vol_team_apply"
#

CREATE TABLE `vol_team_apply` (
  `applyId` int(255) NOT NULL AUTO_INCREMENT,
  `userId` int(255) NOT NULL COMMENT '申请者id',
  `teamId` int(255) NOT NULL COMMENT '团队id',
  `applyDate` date NOT NULL COMMENT '申请时间',
  `answerDate` date DEFAULT NULL COMMENT '审批日期',
  `result` int(10) NOT NULL DEFAULT '0' COMMENT '结果，0：失败；1：进行中；2：成功',
  `inTeamOrNo` int(10) DEFAULT NULL COMMENT '在队伍里？；0：不是；1：是',
  `signoutDate` date DEFAULT NULL COMMENT '退队时间',
  `approveId` int(255) NOT NULL COMMENT '审批人id',
  PRIMARY KEY (`applyId`)
) ENGINE=MyISAM AUTO_INCREMENT=10 DEFAULT CHARSET=utf8;

#
# Data for table "vol_team_apply"
#


#
# Structure for table "vol_team_style"
#

CREATE TABLE `vol_team_style` (
  `styleId` int(11) NOT NULL AUTO_INCREMENT COMMENT '自增ID',
  `styleTitle` varchar(50) DEFAULT NULL COMMENT '标题',
  `styleTeam` int(50) DEFAULT NULL COMMENT '所属团队',
  `createPeople` varchar(50) DEFAULT NULL COMMENT '创建人',
  `teamPhone` varchar(30) DEFAULT NULL COMMENT '电话',
  `teamArea` int(100) DEFAULT NULL COMMENT '服务地区',
  `serciveType` int(11) DEFAULT NULL COMMENT '服务类型',
  `picture` varchar(100) DEFAULT NULL COMMENT '图片',
  `content` varchar(2000) DEFAULT NULL COMMENT '风采简介',
  `createDate` datetime DEFAULT NULL COMMENT '创建时间',
  `updateDate` datetime DEFAULT NULL COMMENT '修改时间',
  PRIMARY KEY (`styleId`)
) ENGINE=InnoDB AUTO_INCREMENT=25 DEFAULT CHARSET=utf8 COMMENT='团队风采';

#
# Data for table "vol_team_style"
#


#
# Structure for table "vol_team_user"
#

CREATE TABLE `vol_team_user` (
  `teamId` int(11) NOT NULL AUTO_INCREMENT COMMENT '志愿者团队Id',
  `userId` int(11) DEFAULT NULL COMMENT '登录表用户ID',
  `onlySign` varchar(128) DEFAULT NULL COMMENT '用户统一标识',
  `captainEmail` varchar(50) DEFAULT NULL COMMENT '负责人电子邮箱',
  `teamName` varchar(128) DEFAULT NULL COMMENT '志愿团体名称',
  `teamType` int(11) DEFAULT NULL COMMENT '团体类型',
  `teamUnitName` varchar(128) DEFAULT NULL COMMENT '主管单位名称',
  `area_id` int(100) DEFAULT NULL COMMENT '区域',
  `teamAddress` varchar(100) DEFAULT NULL COMMENT '详细地址',
  `teamZipCode` varchar(6) DEFAULT NULL COMMENT '邮编',
  `createDate` datetime DEFAULT NULL COMMENT '成立日期(团队成立，但不是志愿者类型)',
  `teamNumber` int(11) DEFAULT NULL COMMENT '志愿者人数',
  `serviceTypeId` int(11) DEFAULT NULL COMMENT '服务类型',
  `contactorName` varchar(100) DEFAULT NULL COMMENT '联系人姓名',
  `captainTel` varchar(13) DEFAULT NULL COMMENT '联系人手机',
  `contactorMobile` varchar(13) DEFAULT NULL COMMENT '联系人电话',
  `contactorQQ` varchar(13) DEFAULT NULL COMMENT '联系人QQ',
  `registType` int(11) DEFAULT NULL COMMENT '注册类型 1：普通注册 2、微信账号登录 3、QQ账号登录 4：微博账号登录',
  `registDate` datetime DEFAULT NULL COMMENT '注册时间（注册志愿者时间）',
  `updateDate` datetime DEFAULT NULL COMMENT '更新时间',
  `serviceTime` int(11) DEFAULT NULL COMMENT '服务次数',
  `starId` int(11) DEFAULT NULL COMMENT '团队星级(按照团队服务的次数计算)',
  `checkStatus` varchar(11) DEFAULT NULL COMMENT '审核状态：0：未审核，1：审核通过，2：审核未通过',
  `checkDate` datetime DEFAULT NULL COMMENT '审核时间',
  `checkId` int(11) DEFAULT NULL COMMENT '审核人',
  PRIMARY KEY (`teamId`)
) ENGINE=InnoDB AUTO_INCREMENT=35 DEFAULT CHARSET=utf8 COMMENT='志愿者信息表';

#
# Data for table "vol_team_user"
#


#
# Structure for table "vol_user"
#

CREATE TABLE `vol_user` (
  `userId` int(11) NOT NULL AUTO_INCREMENT COMMENT '自增用户ID',
  `userCode` varchar(100) DEFAULT NULL COMMENT '用户Code',
  `userPwd` varchar(100) DEFAULT NULL COMMENT '用户密码',
  `userPhone` varchar(20) DEFAULT NULL COMMENT '手机号码',
  `userTypeId` int(11) DEFAULT NULL COMMENT '用户类型ID:1:机构用户,2:志愿者用户,3:志愿团体用户',
  `userStatus` int(11) DEFAULT NULL COMMENT '用户状态',
  PRIMARY KEY (`userId`)
) ENGINE=InnoDB AUTO_INCREMENT=503 DEFAULT CHARSET=utf8 COMMENT='用户表';

#
# Data for table "vol_user"
#

INSERT INTO `vol_user` VALUES (1,'admin2','e10adc3949ba59abbe56e057f20f883e','15555555555',1,1),(2,'admin3','e10adc3949ba59abbe56e057f20f883e','15555555566',1,1),(3,'admin4','e10adc3949ba59abbe56e057f20f883e','15555555556',1,1),(502,'null','null','null',2,1);

#
# Structure for table "vol_user_type"
#

CREATE TABLE `vol_user_type` (
  `userTypeId` int(11) NOT NULL AUTO_INCREMENT COMMENT '用户类型Id',
  `userTypeName` varchar(50) DEFAULT NULL COMMENT 'userTypeName',
  PRIMARY KEY (`userTypeId`)
) ENGINE=InnoDB AUTO_INCREMENT=4 DEFAULT CHARSET=utf8 COMMENT='用户类型';

#
# Data for table "vol_user_type"
#

INSERT INTO `vol_user_type` VALUES (1,'机构用户'),(2,'志愿者用户'),(3,'志愿团体用户');

#
# Structure for table "vol_volunteer_recommended"
#

CREATE TABLE `vol_volunteer_recommended` (
  `recommendId` int(11) NOT NULL AUTO_INCREMENT COMMENT '自增ID',
  `volunteerId` int(11) DEFAULT NULL COMMENT '志愿者ID',
  `serviceType` int(11) DEFAULT NULL COMMENT '服务类别',
  `serviceDateStr` varchar(200) DEFAULT NULL COMMENT '服务时间：举例：周六-周日',
  `area` varchar(100) DEFAULT NULL COMMENT '服务区域',
  `introduction` varchar(6000) DEFAULT NULL COMMENT '自我介绍',
  `createDate` datetime DEFAULT NULL COMMENT '创建日期',
  `updateDate` datetime DEFAULT NULL COMMENT '更新日期',
  PRIMARY KEY (`recommendId`)
) ENGINE=InnoDB DEFAULT CHARSET=utf8 COMMENT='志愿者自我推荐表';

#
# Data for table "vol_volunteer_recommended"
#


#
# Structure for table "vol_volunteer_user"
#

CREATE TABLE `vol_volunteer_user` (
  `volunteerId` int(11) NOT NULL AUTO_INCREMENT COMMENT '志愿者ID',
  `userId` int(11) DEFAULT NULL COMMENT '用户ID',
  `onlySign` varchar(128) DEFAULT NULL COMMENT '用户统一标识',
  `userTypeId` int(11) DEFAULT NULL COMMENT '用户类型ID:1:机构用户,2:志愿者用户,3:志愿团体用户',
  `headPortrait` varchar(200) DEFAULT NULL COMMENT '头像',
  `fullName` varchar(100) DEFAULT NULL COMMENT '真实姓名',
  `email` varchar(50) DEFAULT NULL COMMENT '电子邮箱',
  `gender` int(11) DEFAULT NULL COMMENT '性别',
  `birthDate` varchar(14) DEFAULT NULL COMMENT '出生日期,格式：YYYY年MM月DD日',
  `nationality` varchar(26) DEFAULT NULL COMMENT '国籍',
  `birthPlace` varchar(26) DEFAULT NULL COMMENT '籍贯',
  `certificatesTypeId` int(11) DEFAULT NULL COMMENT '证件类型',
  `certificatesNumber` varchar(18) DEFAULT NULL COMMENT '证件号码',
  `politicsFaceId` int(11) DEFAULT NULL COMMENT '政治面貌',
  `nation` int(11) DEFAULT NULL COMMENT '民族',
  `telphone` varchar(13) DEFAULT NULL COMMENT '手机',
  `fixedTelphone` varchar(13) DEFAULT NULL COMMENT '固定电话',
  `qq` varchar(11) DEFAULT NULL COMMENT 'QQ',
  `weChat` varchar(50) DEFAULT NULL COMMENT '微信',
  `microblog` varchar(50) DEFAULT NULL COMMENT '微博',
  `area_id` int(11) DEFAULT NULL COMMENT '区域',
  `addressDetail` varchar(100) DEFAULT NULL COMMENT '详细地址',
  `zipCode` varchar(6) DEFAULT NULL COMMENT '邮编',
  `highestDegreeId` int(11) DEFAULT NULL COMMENT '最高学历,博士研究生、硕士研究生、大学本科、大学专科、中等专科、职业高中、技工学校、高中、初中、小学、其他',
  `employmentStatusId` int(11) DEFAULT NULL COMMENT '从业状况',
  `serviceTypeId` int(11) DEFAULT NULL COMMENT '服务类别',
  `organizationId` int(11) DEFAULT NULL COMMENT '所属场馆ID',
  `contactorName` varchar(50) DEFAULT NULL COMMENT '团队联系人',
  `teamUnitName` varchar(128) DEFAULT NULL COMMENT '主管单位名称',
  `teamNumber` int(11) DEFAULT NULL COMMENT '志愿者人数',
  `registerTypeId` int(11) DEFAULT NULL COMMENT '注册类型 1：普通注册 2、微信账号登录 3、QQ账号登录 4：微博账号登录',
  `registerDate` datetime DEFAULT NULL COMMENT '注册日期，格式：YYYY-MM-DD HH:MM:SS',
  `updateDate` datetime DEFAULT NULL COMMENT '更新日期，格式：YYYY-MM-DD HH:MM:SS',
  `serviceTime` int(11) DEFAULT NULL COMMENT '服务时长：小时 ',
  `starId` int(11) DEFAULT NULL COMMENT '志愿者星级(按服务时长评级）',
  `checkStatus` int(11) DEFAULT NULL COMMENT '审核状态：0：未审核，1：审核通过，2：审核未通过',
  `checkDate` datetime DEFAULT NULL COMMENT '审核时间',
  `checkId` int(11) DEFAULT NULL COMMENT '审核人',
  `roleId` int(11) DEFAULT NULL COMMENT '角色',
  `area_pid` int(11) DEFAULT NULL COMMENT '省id',
  PRIMARY KEY (`volunteerId`)
) ENGINE=InnoDB AUTO_INCREMENT=406 DEFAULT CHARSET=utf8 COMMENT='志愿者信息表';

#
# Data for table "vol_volunteer_user"
#

INSERT INTO `vol_volunteer_user` VALUES (1,1,'61ddfa42211276ba00f301d78c2a33aa',1,'','admin','',75,'','','',NULL,'',NULL,NULL,'15555555555','','','','',32,'测试','',NULL,NULL,NULL,NULL,'','',NULL,61,'2016-07-01 10:36:03','2016-07-01 14:54:58',0,108,NULL,'2016-07-01 10:37:30',NULL,2,1),(2,2,'d62ede33faa8af48368cb64392039edf',1,'','admin',NULL,75,NULL,NULL,NULL,NULL,NULL,NULL,NULL,'15555555566',NULL,NULL,NULL,NULL,32,'测试',NULL,NULL,NULL,NULL,NULL,NULL,NULL,NULL,61,'2016-07-01 10:46:19',NULL,0,108,NULL,NULL,NULL,2,1),(3,3,'555cdb42778bfb89dfc18aa6fb1a6620',1,'','admin',NULL,75,NULL,NULL,NULL,NULL,NULL,NULL,NULL,'15555555556',NULL,NULL,NULL,NULL,32,'测试',NULL,NULL,NULL,NULL,NULL,NULL,NULL,NULL,61,'2016-07-01 10:46:47',NULL,0,108,NULL,NULL,NULL,2,1),(405,502,'b47b4a833c44e83a52cd7e6dea9f038e',NULL,'null','张文宁',NULL,0,NULL,NULL,NULL,NULL,NULL,NULL,NULL,'15953190151',NULL,NULL,NULL,NULL,NULL,NULL,NULL,NULL,NULL,NULL,NULL,NULL,NULL,NULL,NULL,NULL,NULL,NULL,NULL,NULL,NULL,NULL,NULL,NULL);
